address,entries
0x108B6Ff76F976b9e18ba69CcEf940C2E198eF2b0,3
0x451248229712D6F207ff9466d8D3A33CB59d103c,4
0x7C75795F49471C75Ba402436Dd60Edf93343780F,1
0xcb927731f27898b30Ad85964F9C5b784772cb924,10
0xCF444c7efBfF36F78ee34a29e24714dB294F6ca4,20
0xE2c2E919A35e1c012f5FfCC77574C9037dD9521b,9
0xf5D0318692F822680B733955828A25507F031C95,25
0xe87eFB72022361D29e09f673Cbd53Ce1e4A9A54c,11
0x66Ce88883904a10de14b0356eb407CEb9bA4aFA2,1
0xF6b22cDDB03d5bE894C5Ee6547A31549952471e9,1
0x121880B98308C80Af085A26A74f8364F8162B0aE,2
0x7db5470f05C87f2B8C851cd8f9666550bcAB3369,4
0x694f64e7a465923903c4a7671392302b4e7a5e4E,1
0x3cb37daE03620701400C76D891786376eC4229F9,10
0x57708e15a3cE3A5B0b8148912C8dd4869877dFBB,11
0xd90e46168D3220aFF7660aDC5FbF68FB3328675b,11
0x714732B88382683773e9f95f5574EAc00860fBB3,12
0x6E703F9264375b88791c958053Be7834eD49d769,2
0xE79806CB3969962e49C09157E27f77E252bF1E0a,1
0x795A805D3BC88d0724DEA1432f309B65cAeef89e,14
0xfb44496ef7CE7Dc94dA1Ec9F45115C80BBA1778D,4
0x58e4eF3a94e9c345816161B8f065300a2186e37E,3
0x3aD353E2845B96fB1B58C1Ca6CdA46B870dE8D6f,9
0xb3402C396E305D85487F855ab4131906Dd01e9C5,12
0xBC4Ff71F3278C125950382BCe1aaFBa1238AF288,23
0xe2A835CA86dcFEA83c93a6c636192A730C0b5651,3
0x9844DeDC09B2f68899E8EeBD68718Bb2E1Ce7FC8,1
0xd99E28EF233B2B61020927E85Bf89d4bba7e07dF,2
0x5Ba5a9D0E3a645780A6cb74584d7B54E72DBAA85,7
0x65565Ae7A300ebbff1a5d8456667729Eb7554a74,2
0xa603da977F4DA790D8f3d0fF42DB79caCC6F6960,1
0xDBC65077e8eBBB22B49B58CAa6b49A6A90C174DE,1
0xFAF33E42372CE3E86A8c219af9Ef24Ccc35CE037,1
0x86cE00E3cc733371347458Da5c07a1701DfF7420,1
0xbE72d4A70C047Adc435bE93B7E8cCDe6FE431F58,107
0x53D4298e9Fd219759B8FBbc9ED04b99A8eca4889,6
0xb200663fbEAE3C28D898453Fb4Fd9898cF0Bcbd8,4
0x8FcEfF89dc387939534BfA5E2199913911aaDc0E,4
0x38dAEa6f17E4308b0Da9647dB9ca6D84a3A7E195,116
0x19EFd8c2EaAC0513dE02126605f708D4A1E093b0,2
0x2AaeC1cB5C64011ac58D4C199Ca38E332E2548A2,4
0x1272759Fc8d26621e1cC971b29155599788Ef034,1
0x946DC45FaF4c64bF98Fa79Bde6099aE1D1c7Aa34,1
0x5EE52b4a123bA1Adc7A236e792AD8C4f803a70B2,1
0x18AA86CFdbF17E6935ff12C73503A23b08E22e37,3
0x7238e93e4e7088e0627DA12E073fe3A8e42b6968,6
0x5276DCcC5932FA29fe766d7B3249f58E74E3844f,8
0xFEB37531c44701c48FA9DD4256DC0f97c9568Cb9,3
0xcB6f0E5341ede98e027420b5479098C7760eB0Fb,4
0x9B1F9cA4eFe6f4F887781CcfA17f136dE76ff1c1,6
0x4FFe858b37c9398237246A81885c5d4dCB38245e,2
0x43aAc95e8Dde01e4857fcEa64964fC3b45c1a14f,4
0x335750d1A6148329c3e2bcd18671cd594D383F9b,182
0x3c1e46E2d88E4CF6994a5B2E75242EFFe0C92243,99
0x26547a37E4ec6816C370dC7237E9461a780576Bf,3
0x570a995e230e6c4a48E3F9793762800BE10AEFBE,12
0xe95c621e026c605B80F51Fe02CccbFa389689c6A,7
0x24AB6cE22A719e7930ddb81Ae30460b850187eCe,7
0x08DE5e275668DBF7c2f121265257EeE8c12B0c6A,15
0x5A69209542697fD0f5Fc00e198fB092797bbDba4,12
0xf509283A4C4d2AD94D30A5720369b0487fCe1Ae2,1
0xf452bF886aE40179DD29E0bBD93cbfA0CC2c2c4A,6
0x6B7079f9e5dD84a20015c5270568b453Dba451D3,1
0xa844EBcb9a50b7D2015c22d476b50bbb5095A272,2
0x49161b0A18cE864c0dbe6FeA694Bf4bC4CDe09Ad,2
0xB6b750065056f3db554f295f02300c38F8963AeB,32
0x0bdc67A1453AF16dD48490dEc0b6B45f63BD836b,4
0x6A9065271055E710116209C8032D2e18e42535A7,1
0x76a0E5C360bcE34653e4f8D869663eCC2610E5c0,2
0xAA312EB19552F924dfC47bFefE47F35A902fC595,2
0xA9F05D92Ba412B903559D16E343F1fA7FAeC0229,109
0x148F0f21DD1820Cce60C98034f6A1f29facD269f,2
0x5e95b00EB048bA226e37f5FcBaB2eBd8B530C83b,60
0x1118F4BaF2965d4373580DcB210681E4D2329506,1
0x9f1700829173C67C49A3D07Dca9447c121418CB4,2
0xEA101abF2aA87e621CAefEB64e6BFE34340b822D,5
0x7e75a7fB231a9D118ffbE7aC7b571dd694ADfa2f,3
0x857F58B6Afde4bcBe9B86409242C146F0d0dE31C,53
0x1CCfB3561a32274c7f778b218dac35493503B336,6
0x72eba299088937ceaaB3d7BDE6234AEE81a8BF76,11
0x1421F6103c329C5a4f707d5B82936Ed1215c59B3,1
0x67C77C910084237a12c3378A68D164Ec5917D6d1,4
0x7701832B38C4AF966b4b171b3E15Cf8208042A4d,13
0x64786a62Ad601A9830FFB48b6b0085b9e8aDefd2,1
0xCfeeF71EF5e0374306FBA281C5978a4C70cD8207,7
0xBde4e5aaA533c0A471Add7B66Bb91dab323F9449,2
0x3DeC3c07d209914f3CC13c7492Ac12E559C9DD7F,2
0x9A59fFa20485c4ff5189bca47ce3f98ee1CabE22,3
0x127a14fEf5c6cd4E9180a5048c962511ab8d781c,2
0x5906B3Af789664fb199a08B16b413f2adc215846,2
0xcd06009d0b4A024eE0aB780DDCab6922C6FAEE0B,8
0x0F5aDAbCF182dDecD8fbd142d285a11412359560,5
0x9a8bDBE5Bb0b63312e5AF863aA66dcbC9D7EC4FD,2
0xCBF0F1EF9D8F07779f1AdD94ceeF855e6D42009f,26
0x606Af0611D3e8699C63Df40eb2e98bD240eD9dDe,7
0x882919f9E48ad7b22Ac87B275cE501ee4305A295,6
0x8F6a444c773E5f7A37a6cC0929F1E0DD5b4BF459,8
0xB3623D62FF30fadB5B2e127C07cab0D1b0808276,1
0x5670ed603D93CA730674B5d50E1aF1D586e76C20,1
0x9DD87184D2B4945437C2671A277CAB687BD8AB47,8
0xc4b84Ee1Cf1765Bf907ab59859B6a7d7a879d08f,1
0xf16688EA2488C0d41A13572A7399E03069d49a1A,11
0x5757554a305086fCBe8F6604Aa4d730E0cb08AE6,1
0x2c9001802A6190D5580b3108fE9cfE4E1cC62106,2
0x42a1ef5FfDaf134EB958814E443Db9c244375C8f,4
0x02d6a3aDD991285b44908deC455A3a867C5902E3,1
0x18A428CE0c31584a21CF8ceFDb8849d8013E1994,4
0x0979667dBa025217d24187b959a186f05D4AcC37,7
0x5edc1a3963319345BA93eCD7E50F59e65590a523,7
0x1F0F22756eFd4d3b74828051B8142199E78f5fA2,7
0x4ed7A3c71E9Bf0009317ff24Fbd8BFe96D8D808d,5
0x18131889b876Ee2d883417aE3d14AA3DCee2A830,1
0x3F9D06d42cB2B04ADa2D9A8cdFBF63c5206d7deb,7
0x2B3E205b50a8358E0133c9AED71f693680b526CF,1
0x0990cC53F3503281737a57E3FD4fa09aaa63f8e2,1
0x17E82CffAc7B0cC7422d230D1FC4930d84dBc1F6,1
0x304627B7260E811B77963982e0860ad9dE07Bb9f,2
0x281cAa39D1877057F29BA185a7BdC9B66edAFf87,5
0x200f0e4A6844032e37FfCcac645A76543c6C9BD2,4
0x230B252ba4efeFcE6c8c13862Ee821065bCaCCC4,2
0x72e07bd737d124b64eF911981b842d7e800f9D34,1
0x9C6eb36a33Ee70b4876EC88DF3375a37563bDD7b,2
0x33E033F5965f36aF256aF35c7F89b48b2B380402,1
0x69Af844b93a22c22a7125e72E554dB951741a8a0,3
0xF19dAf5af6F88d604394647361E19306e83f08c2,1
0x6A60c3D8C36465802e30972e443C243B774D1fbA,3
0xbE52bb5bEa394Ee222645dF34edDB2d28ca4A03c,3
0x172B64e148Ea2712EB4d3A649E7Ec6371aE9aE5c,63
0x484af705B49c7b99896fAB1Ce9f0a9fe88Cb4039,1
0x8374c64Ca16Be5296419944E2D7Bc6EB5b419b75,5
0xD2E6Ef39F4A6d4BE576C2BD891a2FE8D3D8Aec81,1
0x1C62C89cf3f57EAE7d61F1490C985ee82452752C,9
0x465cc8A8B8f6a50a524D6C056ef4088eEBE477d6,4
0xF365F80D9d13AcC79fF3221dfDDa0dc621e516c9,1
0x991eE12aE56258689610b99AED0Eadce3B7319ED,2
0x29Adef79A50d9924fE2B22D636D872e7047D7285,2
0x730Ff8F5b11D17F0Adb639F07b7e8e2034d0dE31,15
0xD664637671a42a9B7248aF9bb6c6346deFC44032,9
0xDbD9d1E5742DbF471F6F63d5b02A7382B4fEf151,1
0x6D4FB10bb34A2Ed1dB0f208349a906EDd2567d45,9
0x421087B8a18424B5A8A1d71bc060086a34bBf91e,2
0x6349C19fa5c86df7f5a7a69679aF1EB66f51AfFf,1
0xCaC37e9f184E294C4d845d337f4882Bf32E0756A,1
0x9C9048F2db04a74c95001D88EdD69C9D8bC031a6,13
0x05b7812824A48Cb10EF5A3B701a8B55B7807dE25,26
0xA0e33e4e666059E2194eE65C5a42140D4E3bB2e8,18
0xE06DFD39d758d0D05567f9389651aef1DBAac7e1,3
0x9227d45D8373C15DDd095A5fDC6Ee01a678FeD8D,2
0x95c345f6C911E10cEAA107CAB01B99640Ae3c521,3
0x456a6DB734fea7dDB6Ea3055074Cd347350F4013,1
0xD0774c061C879B0764Aa95B186e5005C665326D7,3
0x2E037e50F86ff99aec58637e900C3c1C460805bB,12
0x51406DF329a3E1145dA4da6d79143A3747eD51cF,3
0xAdCf1c25c9417072708271E8ECe7C3675e2b2be8,80
0xC7d413CD09E7143eBe6A898F7871Bf97A9534D1D,1
0xe31d4D537c48Ddd14F4B5A5ebE3Cc047643551F3,1
0xCAc5B0E09b2156CB4d196D70150D43F7c1C5C985,2
0x3569e3ce96AB8f98afeD25BF98D91fE86B5aB46D,6
0x36398D9CEE405386b9b93DE1445d325C254F035e,2
0xe06FFC3081FBf7B5c6C55FF2856B92df6285b5F3,3
0xbC878ecA5E3f9AcfBe95f0D262883ee1B25E48B9,4
0x0F9093c9d7fAD2829180a745e75a075E92C0E086,2
0xa2C56627E814aa013154B1Cf7A1686B40aC650Fe,2
0xF8Ab77507e7B3044D4cc53952d94660924E272c1,6
0x5F7a8fb8cc29e795ba19191Dd74D69A90cDADB88,19
0xA3deB012Dca06b12a7e9AE06738fCCB4D39a6324,2
0x8325D26d08DaBf644582D2a8da311D94DBD02A97,15
0xd1d0eb297d7a71aFC06645ED2761467bA1965983,2
0xc634D9CF17A1352b9D0b5395aD20c4117c16CAaA,2
0x078D241DBE88c96D02e69cEE7e13BE12b3612205,4
0xc6a0D3C3D306CBb0915013cb6a7C45B89F804703,5
0x5ffcf42e97C07b2B418B42365752CD949ee2e2B7,14
0x511D44830b7Ee4193A7c1Ca75A1F6780310acb6e,2
0x8230cF5bC3De7f18889fABdB8e649B3c45ff3650,40
0xe8E83Ddfc373BBBD22eDF5A80a30eC7DEd8f2b47,2
0x6d3A97448829acD2670BC979b063B99405861fa5,5
0x8325Aff2Ccc014468Cdf20F2538D8534db7a100f,3
0xfe64794f24715f495395be16EAB36aB0cf48D663,1
0x4F4D62767521F441A453d37fDBCc8de1c3915c8B,6
0x5A711653F557b93AeeD72A60f1edEBA5e9C7e5c9,2
0x8f11902D6ddd254a1034Ac2ff64a42D00A8226b0,4
0xE8f5964773331Fc117B91e1eD9Ed8F630f329E76,4
0x17908A394F598DD264f2e78674FB3b11BEcdaCcc,3
0x8652023BD7A4B295D545ADfb78C2A6a8A8267929,4
0x3A63566673E640Fa83B2D35a3061F8dCa8E852da,1
0xdA844E1eC97B0bAB57f6d33f59B225bA57f0f0C9,2
0x7E9aB126c6C06e091DeF88A5a7803680ca4807ab,34
0x4Fe67d306b4DAaC0D5915D8EDEBC461e4206190F,9
0x57892854a7DF265C3313feB6931acF08fBEA7559,1
0x8aEb9A23A50C8cafe6C399B9c4e41cA033AE4e77,60
0x22fbaB2c330bc6D92173e283463A1AB14ADD6A39,2
0xCc596BC6753cB82e4383B83bdA25B1133A84a5b3,5
0x9e8E15934218d135EfEf09Af254158338bE6aa93,6
0xA3b1Ae895b114eE3004C2b9eD54574791b07097A,1
0xAC0a1d8D5301089e98Ff41A2608A5FFE1427b7c6,1
0x9FD00C90E56AAda152D5ecbC459e084c1b1c26d3,1
0x890249adf8819C366A4bB298E6B1331f86E559f7,2
0x7e749a6967974FCa72C3580e60D2C0695ACFAC09,1
0x1d5603071B3a2C68C6Fed879eFAE6F9Ae4db84a4,2
0xa0817934AbbC520E469E92ae250ed2aB07AD5B45,1
0x0fB213a1Af101b1429e6aD3020ad92Fb0D25Eb1E,13
0x9EE9b424dE4d7002a92bF5881997C7F1845332AF,1
0x60b0d24c2e89FE4809514677b131B72A6FFbe820,2
0x3094Ea2500822117A3518CF76518c4f2Ec1f01cA,1
0x4a47B028683C20BD2f50Bc0dDBdD1D7aB94c23aa,15
0xAF601527aE206561099f87Db12d08A2ae432c4aa,1
0x6f00bd723f4765fF3E03AeD81e2aad4Ae70882f4,6
0xA4b1D013CB35E6303b1309ED5d988A829159E663,2
0x5505F7442fcBAD24F65265c422f8A055993815c4,3
0x74E20A54C58bcEFb02E496c826D9C65B576cEb10,6
0x4db22C07b7DF5298531823E669850d22A1dF3077,6
0x08F035aB1EDEe2bCb483C430a0a0eDbCc7d4b91b,5
0x7B9FDeB5983d4d88612a789831483C5B04B03b1a,1
0xFd448B69B209bCca597c2424A91f84a269dCcD00,7
0x22963f931baA98D5CE2A43AB7681a638a693F560,6
0x78fEC32317E524d953dB63b8C9dE0f1f5b131b9D,5
0x632b1FBe2aee97630E9e633caF83c07593693482,1
0x864DB360581F8f1f833D56f97876919eA791DB2F,7
0x4EA6eaf5279A69219A0D4e5c3e2a9542Ee6Cf084,1
0x058d83Fc1b71D19046B7164b3d751E61C89cBB65,3
0x4bb55e4fcE1FA8B20EE1824003AFEB77E4F0E699,1
0x989cB756d4c2b739B29C85FB2C25e6467feD1d3A,2
0x9154d0bA26b7c98B18B3daF3C7AF3D5c18bCF113,33
0x6127A7988604368C27C0E6233851Ac04367B1739,1
0x39B055005a4C91a01a45514A39F175252fAFBCF1,1
0xb34B06C03aC8fD3d1A512A9Dd4EA4C43Cfca51Ee,2
0x4Be70F47a39eaC265a5CCb6080c01B0Ba82434c7,3
0xB893AE8A1824604F6df4Dfde52E2754921ba1A73,1
0x1ab6DE88463EFE54DcA1131A625ACf13EdCf9606,6
0xA0580A130Ca644DBEf1Bf397Fe373F66C3ad83e9,9
0x6C8344e353b39a75AABC13C6aa8F4F2a4A97f8B6,1
0x93bc83dD3F72829Bb92b92466Bc23e44e9ef2de9,3
0x312C994B7c2A7464F81501CF70F502d6792aa25d,1
0x8E32736429d2F0a39179214C826DeeF5B8A37861,1
0xe96B6f528a6D38a3c4412E25e680C6eF1060C172,3
0x68f545BA4D8915d2A8BCfB8128F5b0e356A9a6b2,1
0x6cb4890d712C91020df2E62FB7BB869CE6Ca3e8A,6
0xBB4a7c9572284257C9E41aecBb96f9D542210c90,6
0xf32DBA272975FEce3DB06D77BF7b378dE3A854e5,2
0x1b4dc70984f8bd79D2f96ca7eCF6D0ae9df44a6e,6
0x49ab6a7f96003af2d8F29e5a9A25bbdc6243b05C,5
0xe6C1E46c18b24C931E803A5C96dee5615B7d2574,7
0xD193BC9460b839E2Ee3B5aC5ac0477BCC7ee2Db5,4
0x148667B1d406f8EA580c1547B0332f6e3e9E4cCB,1
0x8888f7A384c09F49a089264f866bB725FbCaA7B0,1
0x126Ff595c723e0394FF44503C8019A50942F717a,66
0x12EBae87933ba8731D50E2D6fd47629672122874,3
0x3EFD5CdB46C700481f40058341aA220ac2552660,12
0xa5A28781fEfD812b804336f8cC9Acdb9ddb85F14,1
0x38C4F10c0BA2766E147df3A401c35BaBDAd7a1D9,15
0xd308B0a651Be77a2dc24a4A34b82766D1Bf2963b,2
0x66697dabFfe51a73E506f463b27E388512ed6Ecd,11
0x6F10719408d99d917f395efC2e2EC9136b873cEb,4
0x1c192FBe418Af7708ad36c2C1b9B1F2134DBbb77,5
0x8f0058C81a57673B3eb7DCBb489fAF687e489d4f,4
0x5B0D43ff84d0bcc4e597822691f187714aFea19a,1
0x8a4e30a8ab474DF506CcE08f5A127fB7D2Fd95d1,2
0xb5E29DF00b97B50DbD4b54b3E7F8c9AF64ab7AA4,4
0x80bfD376bc291594404a771522057e01b37Ec93f,5
0x9bee3465119D4091421EefEEdC66742Dede98c1C,2
0x50894505647d1C7d391f32E1f774d9d1881D4Bad,8
0xc0452507b41D2da08a1630394D064B45617017C6,1
0xA9B14a61ba663ef19E53D9aC4820020310153843,1
0xf1A51B0c10A46aD8308f690947801691eAe15fc2,4
0xDD33369fcB89A78853F553d173ECF8B727be7db7,15
0x0a4Fb02A6aeAE1a8b82800d3b5f98f9Cf2CB3e03,1
0xe3d8943283Bbe4116ba1d248225a88A5EB2B5533,1
0x0797f99D4450a9aAfa4Acc7899dE006020511172,2
0x311D021A312682525cE98a94D2CC98b248318C81,2
0x0611bf5A24c05264A940DA19E98235C3b873eBAA,13
0xff0C9Ab27Ee4Bb684F5Dbe47a80c0Adda1eB4C8a,34
0x857197110f3Eb2335e44851B173E58d2A68ec3d1,3
0x9F18eb870b647976964Cddc916E448912f7F0016,1
0x69D36b99941Efc5028A3bE448b1de59F0d5BD081,2
0x73d3De4d298e55Fd17991905155ca6153B90DA97,5
0xb9c0BA28AE708E8AECA3aA0A5Eb9267acABF72cD,1
0xE92d6cd0CaEdfD960db31260265cD1dbcda3358C,1
0xC4Df5f2125151BFF3a6aA7328529eAE1B9d3cC31,3
0x1510df863e38c2d7C37918F9d9412ea58D56576B,7
0x0B0a6C36aD7f696A41f7De287eeb390f6167D339,10
0x50d089792B78D86f20f58FC3B70AfC3F5839B778,12
0x27dAb9c37d6d96ED886133BE1a1B47072ff432b8,1
0x83F3ABEc2a772009E286E8CCbedF850f08A926d9,1
0x5F31cB7BA045c271e1A38570aC5a087238d09227,1
0x654Bf9Ddd407f50A9b487E0ec032A34F7a8541CF,1
0xefBEe49244701f596E49FB649b46A8853f085020,2
0xDCE3133947b666c344C49299ea4599b39eaC0A71,2
0xa0B42353A0e3f21e7a2BdDc4B7505fbbD641814b,2
0x261b013B82CF1f4F1D5572f40B42679E0dC5798b,5
0x66633Cc6B84CD127A0bb84864c1a4eA0172469A6,2
0x99b17456eD9C3EB3E2F4f292bCB515F8bb9F4640,2
0x226a9434AF1BE3CC452BCF9bDe7D96Efab4A501A,1
0xbD07C5a0c16fed711326174a2E6331d15EA65D24,6
0xE43ff2B03e0E02df8f5A319495d04566e3b0e872,1
0xC6376540cF443d22CC3c697526BeE1F81401e61C,2
0x909eBB03E4DEf3F327936301F23243d4058f7621,1
0xD2a653DB4D1AF1B434676bA73AC2d206dD097958,4
0x8e6BB0205946443d8df15186743C48866672E4Cc,1
0x3E3BF77705CA28391E46e107e739D6b0347A8c5A,10
0x46885051dB042ed7640dE655E286c37bc102D197,6
0x1017F7990259593e74B478509BaB3E01AA026539,1
0x13a86a190E78a6267FC3328340900A33CBB2E398,9
0x832C9d63AFb52BA4890bf106fDd16728B266D6d7,1
0xb45Ec9d83C4B9b0055Fe0B452a0CdB13fe68b46f,1
0x9b6e536706dDcc6F1Cd1d51e198F5bEd84085f21,9
0xD9677209F97A31899bd00430a6dA7A97FDA38047,3
0x3668811B5b0966D1891C47caC0EF8615e3381CA9,6
0x8Aa4fa8a48FEFa1e3B7d8a97Aa6c228f9ff3B916,7
0x8ad557E25766C99e28E6Fe8e3e0FBf87e452B23D,5
0xd22f473a88430f626D60D70Fd96d51B2e7190601,1
0x4b0ccB6c39379Cab2374a789aA923F057eFcDAa4,5
0x64974746198BfCBF9b5712e8088E81931Ba4842E,2
0x3635B3d38B971ED37b17E6E1Ac685Af87bc8d930,1
0x30a2c1dAB998C6BDc29EE0F11917Da7cd9c9708d,5
0x76CEB0f9DAE2Cd5EcAF07D977aeFaa82D3d2d082,7
0x6e4817d4D3bE44E7049e3633B8cb7d8ffBe5634A,8
0xddD6Cf8D3e028c37bf88bB173624deD9689657Cb,69
0x920018c1363B9A83D6dBed966EC8a0B47f6d6667,51
0x214d7E35cb265C416629D209E35FEd58E252aFce,12
0x4fC072C42667A7CC3abE957f4EA1a3001F2241A7,6
0xaA21505A90F5A5D1e40c39BD719F1b3BEF843CbC,4
0x1eB4F5aE6E14F6376b7175656994F58ceA565C0d,3
0x87AFaA198117496bCe792B6A5DE3b33ba7cAc73f,6
0xce971FD83dFfAe9De862a50745666eD8939f9208,5
0x6C86B9442246FF449EB67b969c4fa51F43253858,50
0x52883B07aAdb4A4dF673f546D00065e2D923088f,18
0xf20057A712F9b19a68232905F258A7D9E09A60F2,1
0xE93Da1681efDDfDD23Aa63c485c5E5DEe1F07c9e,5
0x0396f54BBb5A9d56D860370a1CA357d18b2131cD,1
0x2068D14Ee50772DD6e89c6F64F32Adad0Cc936Ef,150
0x0630185128415D1Eb7b4C84Cbee0f9EE92Ee2d58,2
0xdF88E2F7F27BaBBea90F426a910e1E4366b82A8A,6
0x5665785813011A5c37c10972f8d3D463441637C3,5
0x50e4505a0479d40408632AB01774a19c8b38Af91,1
0x43D891C1b4118B709f3d63E9fC47daAA92E1112E,2
0xEF75264F97363a9439FC83f4695d43abaA8f80c1,1
0x7E2D4533F6Cc881681eFAc1471d90642AAE3c3a3,21
0x97852657D38E6D4F4bA79C70AD6961Bc384CbA7e,1
0xBacdB100A0268D364788BA933e88f94A52C454f3,2
0xbb4C088F410EfdE0684Dac2Dbc774241Bdd5cF10,3
0xD42dB2D97a6f97217155BE32c5488C06cE3D23E8,1
0x60559B4cc92292b589dEd75295F5331ADCC69e04,1112
0x1BBf40D4A1dA05B8dC0A292685250bC09925c6ab,2
0xD90d6cAA8e34DEd90F4fF8A97b131a33368a55B8,1
0x01467c420df8d9556fe5DbbF02b0c25C42226558,4
0x8B742114c2dC411B41d16d175767889f05afF98f,41
0x703De018b3C4c2dD4C965c38218bF4fBfE9d7AD6,10
0x62CfB1876755F124813eFdD6F4f43B12236179c3,3
0x139791013f6DCC26F4052E6a7b8ED50099E7D15b,6
0xFDeBF3f5E032Fdd8712b8E2C77A0e9792CF0B756,2
0x5819Ca300CA49Df0E0FDc2Fde2a75e0E8909b96C,8
0xF4bfB4a49a7Ec689dF9f213F533Dd3E1ee828201,8
0x1440a459D3037ab11A1bD9fb549e20aDf5481943,1
0x7314d37db36d7403Fe37669704eE9a33F589496E,2
0x01Eb1E903bfA3A8DDAa64e4c42643e5975c04836,1
0x92eE18538C392361f1923794AA62Bd3A6550C8b1,22
0xc6E4Ad3ccdfC65687D2d60a454a8bdDc1F4d6c06,6
0x66D110Dc5F5EC25908562032b035DBA4d4Ae519d,19
0x448BC8B5f99C45D6433698C8a11D589aE28Af73D,1
0x128a10fB585139d1f120a3a9Ad785A3F9fE88ba8,2
0xfE8d057312e76477cCD98e79d36f915F11e1dCa7,100
0x81121696CAf4d05aD0954ed8aB552534448F9D29,7
0x2a70fE7f74803C01e4810cDD068693535c0B1E58,3
0xB9ed8010B32D8677a5C2ACea73DbdF1064794a32,2
0x7D1Ba738470f248B6a1A599b952f75643Ed67504,2
0x5EecA9db382CfdAa222450753a90291c560a4933,5
0xe8173bBfe29b8BDc318C9A965B1C375081A87424,3
0x0273E11ef7a39809499D822f833003551d687015,1
0x7D23f93e0E7722D40EaDa37d5AfB8BD9C6F57677,1
0x5C7ad259cf33c48D5f1F19B3fa8aa61deaF7d219,1
0x5614372795A94eBcFdF72a521345b4b148b8E5DE,1
0x4Fa758C72a4Aa977825DDf5b9196a6f29364661A,2
0xc7370fce13200FB2B25edF6e3a40BA89c1872a6C,3
0x3D8d0dC0bd62488f3cd9fB473f8FF6462D165310,2
0xdC17E15E1ef93a93002Cb51dc91FA5851AE871ba,2
0x64864C9802096285154B78804F16fcFA3845706F,10
0x045a397C308b6BA626E36734D955E8d6771dAe06,2
0xa5928eFDE9a95Dd3b535B857C05e1D7C78fA49E4,7
0xd1A42FE4871f99b219859b812E7ebAA311149074,6
0x22E778772784341c362E4d88c3004F5Add334dB8,12
0x279e2071b5337F40C2932Aaef5E4F5B01A5A08F3,2
0xc1E8A62e3C7cBc093FE83298989dFa41F7A915bC,1
0x4519F0b6d70eFaB9b348C6dd4a79eBfBd5DF1231,9
0x96E193956178c9BEB3a63af118c99cc397888112,1
0x14a3b9b3cC0Eb128d6d9A95dB42DA2de8693e26E,1
0x358DE214888762Dfed821118c38b7abb743DC2D7,10
0x3edc863789a36f508340ea3f2Aa40674139cF5B6,6
0x40a3f7D2b621f9B7C76B0e30A048e4EDa0Ae0BAE,4
0x6E9736083beCFfa3290af40e3Cc59dE040EA66Af,6
0x388622b6f2a6A0384497E829d1aE1092C82bA770,1
0xd6B01c20918a7Ba5D05E81DC59DEd322962b4D37,1
0x9eCC509DaC3d92466AD65Eb4d5D559c882b5f7Fa,1
0x3bf203e06E8F7d4648fFE85aFA4dc1befFEe694c,1
0x79155bF78b240bf43849DE68797ACbf8EACC07B6,1
0xb84d4688DDF3a79AbA218bc915CF3600A40C5Fb8,1
0x23bBD657863FBc80c32925CC6f83e09EcFBe1573,2
0x88D0B1b3Ad75fe4f03FA30F8647653bb89c086D3,2
0x723aC9C59d2711313d05bb945f1ed857562ABf90,6
0x12e75562DfC2214cB7D48Ce49e12622353b3a33E,2
0xbb7F88d4230e817C38B5f2c2c4eE30eF796e12bc,36
0x87520014C624924B9bBDba15D1ca8BD1C7056474,1
0x42EE9C7b2FEFFaE24AAee61e4f9556a9742c8798,1
0x799816d058D116bd18Aa6e941BF1860158a43B0F,4
0x42aaBD3A2f2b64A44B99e0ab025657ba73B871a2,22
0xb978C8Da8729c514bB08B40d2409E5D5F6982E1f,4
0x2Bf08f2E7bf56A5aA496ccC0D71a1D86e4b2910a,2
0xBC6D606226130c45bE14BC1EEbcCF3a9DaF4b5Cf,4
0xA69b8b341F7AACb9a01e09Ab99882e7a5316851D,2
0x7D95d724C44675526383Ef0c69b2745e251Fd58B,8
0x7C8F39f35Ba890Be972D2CcABab0e3Dc99A82001,8
0xBAC44851587E68495f6bF2f91bd8260234d6bCBb,1
0x9541738F4ADBc711A3A7d8689cfF272e4E093929,1
0x3Ac1C15883F8Ee8a4Ec97024A654bBdf103bA450,5
0x21988d0ee2d2383B278bd8FC70c2065b7063111E,2
0x99A31D14423087C88aFb86291d02bcFAD430D4E0,10
0x963266A2a9C2068dDA656B93E32e2e4dBff14b68,3
0x082163EbdDbf26E0a5c74123DAdaE25Fe1b614Da,31
0xADE9E683Cfa84d4c47D74DE76AFe8c4d7042EB2b,3
0xcddC0759D8fe66dADA09708D3aFC36929e07402b,29
0xd70333D48d72082b211d05340C8E4F9A630B315E,8
0x4257b55D4334FdcA6d2998C2627945cb26F92538,1
0x8F19A9CCe6D4Bd5371dE0cA1d82A5C18a32327F1,7
0x871AE2E1Ef121d7C43d57D6318e227DD558d2e39,33
0x22f6D1997f614aC2a9CE43dafcC92B24A9D97b7E,1
0xC476267c64C2a0f383Fb14cE77eCeF555071dd36,1
0x8AdFae187F5328FaBBCE447838055E3D8dA031B0,2
0x84bb7A38Ce4B3daB54C2c24997Bf00b969Fc2D3D,4
0x0ceb05FE4Adf6814c391F0a11dC0388100Fc8D6c,2
0x9730299b10A30bDbAF81815c99b4657c685314AB,1
0x41477A57A8916237A8ff512bA3D9bF487D9cbb79,2
0x9d068c281AfA4f518e2393702ADff6b4f22C1156,2
0x2e8EdD176F41e492948F668690012dAf39F572B0,10
0x429F738C5d2F4A8BB0A22867998e16aC88792975,2
0x9F0F1a0E59d0E9E3064Df610C5572Be9f610279c,1
0x3426648b4cCCb33A7dF81D69993b71EF5e7207d7,2
0xd16340CFb534ea1127b59eA934debF124e4BE27e,8
0x7d098fEc4ECf9ac948b17a179c638f1DBbCeF72D,30
0xe8e90359c3Df6583B522F29EBBEA395B16AeF5aD,1
0xcDf1Fc2483aa48E2223e8A28Fd7c64aF8e2CEef1,1
0xe8E13d87aa1019d7210D1b07E637C4F90bD934e6,6
0xEC2f247e5B282cc98905FFb8f61D9989478BE146,6
0x88e598603000C3cDb51C847767d9Ce53659AE471,1
0xE3C7216Ab80d821f200fbdC7ada1b4b4DA2767CB,1
0xD5A2eA982f1BB36434AE34087CC088b4909547B1,18
0xE608449cb4aE30A367a288F23FCAa821fcf7Ce18,1
0xD5E0678766763c3aF8778486C1b64b1B6683985a,2
0x3Bca2fB054d1fD6DAC9d22f1c7188152aEC0FDd8,3
0x870b0760fe709B9971Da2564cf61242f803F97A1,4
0xA7b2ad1509550AaFa62347788687C7C426Cf0DFB,2
0x26542d0Bc93A63c141A21956337f18773B237882,4
0xbeB1893AF571C523FC5Cc96c8bBe07a60A9035a0,5
0x5446804C10892C5f700A1fc28d49844ef2A401c8,1
0xd50916De7b55f114F834A5e1d7e5BB7b4c0B2Fd8,4
0x930258d27Bf4B8fc97D04DF242b2B20F2Db750F4,1
0x24aa59b9967D01aB1021920F7EA92384671D13CF,53
0x9c321ff36747193452B11BD84273C3C65fa45666,9
0x4b35859d950c5a542438914d6853EF781DA6FA3F,1
0xE58eeF5C129F0cbd4E14E8D87797709428860306,3
0x9208a0c6D206B00AEAD7f447098671D50a89159e,1
0x523534eE543d8FC52BE60529C4484D6Ee02639D8,24
0xCc6915C80d1c56212f88C9c5F1083521D3848603,1
0x53c4E6F449e34cf347F1A0079e9da5DccB48dE41,9
0x8d85114de0e28D55cCc33162b265a2DCdFFa3Cc8,12
0x5bB208f744220e9cB701b1F6C4f8C53658ca1254,2
0xa342c4598Cd213fe22704e6dDB46d080bD4fe596,6
0xE3c2881d0c899a44E610B0f6ad13e5a240eb2891,8
0x53707ec6E57b914C1f4C82883bf2aed83D3d5736,2
0xd25891CfAF13C9Ca8a102709261Da2fFd0Fb0a1F,2
0xB66b2d7fA727A80443Db3aF1d45032418eF3c91d,4
0x52d0Fc347560cC997f87984200F4a9344eCDC597,2
0xE4BEE3Ea1Dc10e436c6e98b2015623455e225819,3
0x4DB21aD0CC2Fa306415F8ba2C518D409A1E4712F,2
0x7ddFc968a5d4840A6Ba225b1495329cf717Bba1F,30
0x7E04ddA4e0EBaBa3cbaE50A10462033b29072772,2
0xAC1186397EB46f99f695F2c29696a491b1572034,4
0x686B50EB1D917E16DE9c5fF8B8d5E7e304f8090f,2
0x2D438b5F9dBb11fB406a92Fd97476f4Cdc9947D1,4
0xD537413a3651FE87443526c38977b9CE86448696,1
0x001b0458a438238f8869465AcD9e97FE4de17b1a,48
0xCfAe2B83C4337C65c7092331D3bD2A3c87cFf53c,6
0x1fB8Aa2f73bc07B16db4FD7fBD66fB39aD19D1A1,1
0x89185DA0B3d2AA20c42F9D12fE765572e1A7bdA6,4
0xd2033db9c5370aC76ABD80823b5c5adC097E2FBF,2
0x90ed6122e06199b68aD137585245D2BA69152f94,6
0x22e5F823C5b9548fA524420814D81597eC47De04,6
0xFd35bD8dB38b55faCaC0915DfA99D790A2c0223e,3
0xb61e953aF5edFf6Bd1a2bbFc4A59aaBd745426Ab,2
0x8B9c66fF418aadDaE7974EA006859e8BA8374aA3,5
0x92b39E4C14A00A3Fb4F0a347237b35236684b458,2
0x5EF5170687a5eA3AEca3838B048Ea7df9Eb69524,3
0x5C29e2143A07f0B20a5881e1A353F95140c73D83,2
0xe9Ae1898004f6Ec27Cb02023cBDdc9Cc5345AAA3,8
0xe08a99fCD9b10185F4d52e4D231BFC0Fe7d64acA,2
0xA31a661FA0247e04499291C98c57ca23dC2d26DB,4
0xBd8b192d2081b77e148095c08dCc719e61C2D826,30
0xA0099A1FeE4aBa80f8cB18662ade61D5e22F57FB,1
0xAC1c5204c8B35555947d46453288Ed4E97d9f329,2
0xEE525a275D1f54C22CCCf1a3314F13C712D7F3a8,2
0xD342dCa388608f4D139F762d5f39a49B62e0Bf45,1
0xe0404cbD94137Ac3Ff0653B795813624baF91D24,2
0xdFb225DCD2571a660Ba1536568229F73650f0A95,1
0x35c46EB02489F436B0918dE79566c9d530D1a004,1
0x91073ef21aca716B6A2f1EB97202CE022CA79cF5,6
0x4bdcbA858dcA35ECdC2a61bf0DB4780e19a2d7DD,2
0xDe770b0139Ade0469Db628062271102ee0eF4b50,13
0xD4F20F43EEf492A6Cb117C698c0a1CbBa42811e4,2
0x0CA9Ef7f67e6cA559075164534F0A331640D7821,2
0xCCBC524ebE1a9D7F0dB3FbD10BC5C6E57768a28E,2
0xb2Dd985116dB690461FA28e03bA2A08a60AF90a1,2
0x394523DAC088F26B0270F970618f775e097E4c42,2
0x3c15B6edeb88d9258a76217a9fb2242977EB720a,6
0xB00b36e3c3B81f4B243931e4cFF30D22715b314C,2
0xe356e7Af80B8626a2b6Ec11c32Ad936c50a98A92,2
0xC8cef1c4161874EFeB0F11D9b4C8B7b8e77924B0,6
0x052f33341a3040cD6ED7EB60AB27BE87686FFf2d,1
0x4a7f1Df9b2C3801198AC7c28c93a4273b821D2d0,1
0x364b53Ca9Be6d623B0B8920f7d97Ac1c285c3763,22
0x053E6294400a9268E35Df445624F58087C7F388f,5
0x5aB124f18056113D0884251D45544e2188aF5FAe,1
0x7c13816E26EB593aA424E579B85520E57A03C3f2,2
0x75C10D7072c7A51734f34eB996ed5d7E6aBF20EB,4
0x4Ef02B934c0a59C72da0d163da00B77A45CAc622,25
0xa44e16847439FD95d591a4064262E85dEe18516b,2
0x563153823D702516F92fc24edD9358D6973f60F9,3
0xD60fAbD72D787b37Ce36980Ff43fb19927D3A8D7,1
0x7179EB888237BCee1D612bcA0592FA82E0527916,22
0x3c4059b352d406E5D2Bb31520a2B09B0C2A65e65,3
0xA9b52eAbcAD0dA1c3006CFbef573b01D83168f70,3
0x16132c9C981e0cc89ea1e26b6EC692dEb03b00AA,2
0xe347B4dD404BFc5791152e2764fAf40536e0a0Ba,16
0x281A468b6Ca9cAe0386456AD91FA67303BfC028e,36
0x245A0838F3ef2aB66BAb0D4a82eE17Eb0B4eA5BC,17
0x2644d2755d6E6a8FA8E1A0eDD388bcD05cC42588,1
0x06838bDD2Cac69965bbfe872987EE6a8096A16d4,1
0x829b84107358FE5fB20cAfab789E288D0ECbB06c,2
0x286ba134282b0BDdb3bacEA9452704eE70A1bCf4,27
0x8129dC7054f6605043c2dc520fEA5CEEe437b15D,4
0x6F69F79cEA418024b9E0acfD18bD8DE26f9BBE39,2
0xCe39392CDFE62037893E609Bf0d49a7cDA3936fC,1
0x3f3A1aa0585010b73335790992C50CE7c44dD1a4,3
0xdA2263B2393C53fd6DFF3Ba356bE7D7127202825,1
0xE93Bad1CeD0d19A91aA4de6D682ef3942E2FFc1f,4
0x9cf5DEC27768855D478152128851eBDE74f6a3Ed,3
0x61c4f7a1cD459Eb3C78DA2cEFb48B0Df3f10Fea5,1
0xfDC46fBDd8AF50d9Bf7536Bf44ce8560E423352c,2
0xc6e5c042B34a0b88Df9D4Fa00849BA8EcFAD1894,38
0x7E209335B0081ecbBE70a7aF0E51DdEb1f7a75Bd,11
0x264827B8DD1cA3EF6afB080241B3D3D8dE8178B3,2
0xF0cA86C45875e14bF97Ea30D07147b434555CEe4,6
0xC435C05232a18b79AD71A4DF4944Fb70A1B8E488,9
0xb643D762Ff24C82D688C405071e8Bb299990A09b,4
0x0BD4A6F25d3545524E16f5e6869EB2EF34Ffb441,4
0x045E1bbC33b45469350b5c8411aD5bacF52b0E12,2
0xd51A2F6434cB702e0B0a6CD9e70e33B720d403F3,1
0x4776Cfb7a14291dF695e5ac6a807432C991B4122,5
0x1B4a5F6a21727D80B13E4EB650a33a96bCc531F0,1
0x5C33cf3c6A1aFCc3F5719cBcb67434d1b25022ca,2
0xBB6565b1868DA5E0494F5A68899DD463Ebec3Dc4,1
0x259b355b60f3eF5A2002234f4D8B4E1F2D80Ba8F,17
0x1eedcD7C2334463C51b4aF75c96B983BE7Ed4D39,1
0x92e9b91AA2171694d740E7066F787739CA1Af9De,5
0x7cC58c0492a1a02472B5dAdD899aEaE9fc5d8A4c,13
0x127e36C12B7a68A685FEc27f752D82B4171E57aE,1
0xD3d20F2D89922311F87Cd954691102f475833770,6
0x28A173026FA5B1c8eFBAc54F289cF37280610cC6,1
0x0AeBB1ab0Ec2d46bEEFfB8F515f6345bF79648d6,9
0x90733d326A2A88e3b7B15Fd6032eBE4984549f02,2
0x92b5713487685a8EE64a026a9Ca3c0711a4170E5,8
0xF1DFd16C81C91fd9AbEAFd54B1660feB21eADfAc,2
0xC47bd65c407f8b4f20FeF3DFeD0250245A667145,1
0x1D0d9AB68885C90eF4d579900BBB3a84E86Bc9A6,9
0x4749843D79ee4964d804A0Afb12314c8573aF21c,6
0x64BCc2C26C4892Ed353D5491Cc3411d72a88F3Dd,2
0x4012a21125161b590172231546e6bEE89b532590,1
0xC40d9C885C9b732884135869ebb702d48a43F895,5
0xE5D30A9100274E12f29396FFCA9905e9D2b508Dd,1
0x743b091203a0fcE407fEbbE13c63b2De87Db7bF3,8
0x9aA0102Ed013f318DB3b88541D97363E07eB96c2,2
0x3aD158468449603f5dA7A777967024FB56cCa0DF,3
0x37080Fcb8fc68577e5270A3979663EB710353f16,2
0x48A2A32552d7a78191be8b5731431dd6cfFc5c94,2
0x62A9c3675181d2480C79b4D80e191E54FC8b475B,4
0x199EEffB014E3Df899f79140a8eB0f85fb1b4e06,3
0x7338E903Cf3907f4911b94c69A5b26aB9422bcf7,1
0x7338f06707bfb47db0639a5909CEc35554207fF6,2
0xc0D74Ebbf331eC055955b7DB94E44cc2b3bEA439,1
0x21D90E6F18f3848d9e45F34BdB4dfdde3FA09D1a,20
0xEeaA747fc831601151b591F803b5c8A186672976,2
0xfd55E678bA1410c462D99172D26CBECDF963295F,3
0xF42C8145D8566C68bd59CC89a5F7dC53890644c1,29
0xB4759a72aF66Fa9E0c1EA87e2Dc51d9e468A3C5c,2
0x7E8ce0bC69b8f32517b1581A518086C84D7F1215,4
0x745f2b758646D02A4dC4482be04f951deE9c08A6,1
0x58F3c750b10Fb806716eB495515704202B18b4A7,3
0x737C2A78660e8cf182CD200abB8f9f297DCcFB0f,5
0x9f1bcf45Ad3E43527Ee6c59F99B8e2B176263066,3
0x1eaF5A3E429beDaB9284A4Af80Ba181697A60D18,2
0x62C9B90ddc4E80a1e98Bb8c9D9716Df21fE65009,40
0x3eD8a98fF14F7b4F02c1328b6f779109121735f4,3
0xd24C0699A49c11E2C1697172D59168c8aD581873,6
0xA6459FD189568b8fCeE399ef1811F39c878c32BF,1
0x43e00720bCbE904f70194300B58C46a3613bEF4C,7
0x5F91a14a1F7Bc81ea686DF188F60271f268AA449,1
0x6623a40aF16273CB83f406cbf04d69d7a444c799,9
0x443C4cEffEbbd742DaAC8B14aC90EEba6520fE6F,1
0xe11bF8c9d4FD0DEC48F0C8e54C7083f3fED8ee5C,423
0xF21C5548a9d31722b125eDe5C3625DEB1Da02aB6,7
0xAd07De5B2c2110Fcc89A797554D94CC68f127F8D,2
0x85f31c9678adE8488aE60464Ed71966f7cd5d6c6,2
0xd80AdF681aBe30A3D644dB1DAae9ABAA2d25A895,14
0xF32668edf0D6D7ad9CdFaf04F99EF2b7b2EC690b,1
0xfE15B3DdF53FB713D41aFd1cb053aFEd8435d06f,4
0x3742600F3467CB45aD7E8B71262eae5bd6874f67,29
0xF16e9A5D117e0F6DE416779942D943365321cFca,19
0x7DbD165BE976541d447c7DE3C28e74Ca33c23DD0,6
0xB14130755bdc32F3540B8ff1ab417304C80D0EEF,1
0x6c3F26ae7312Ca3602697557786C5Eb760FC2542,2
0x0cD462c585Cb8fb3e24bDdD8601B115427fe5a6e,1
0x7BC808C5d0436316Dc268E9CA05Ed896F0516a83,2
0x716D26B20Dbce6d927e9Cb5080ed6b21ADeB7b1F,1
0x9C5948060Fbd49E5E4a88ED489686C7A7C6E34ce,1
0xa7600C4050D926404Cd4fc7e2c3Ec1DB7C31c9bD,1
0x41b8501e48c634B253225C146bF61650d8a1CCFb,146
0x0983BAB359bd8c793017dF035d920be0bAac2bEA,1
0x068287C087313735d359ACDD7DA829d23FCB1264,4
0x5A2CE6EDcd82D9a9141BcBDE7b9559F8816838aB,4
0xe242FFEC125230569c592e26DeA977E3b880E966,33
0xe3D21B1C63EDC070EA93FB8B29cc05f10A2AA9e6,1
0x3eFEc9925973AFe87CBFE219DFE31fbBA4266369,1
0x072E85Ea899eB53E2238ecc258539Bfd546d248f,1
0x7911Fa8d5bfCe62ef68B714D5b51A65A5732B101,26
0x7aE9d9fb675B84a5DF94215E32e55FA09ec5f94e,2
0x067f4bE5f4b1162D936cF9FbCa3d2DB2CAEaAa98,1
0x934BC64D8681A4Fc385da636c8b2C6Ca7ECdF3d6,3
0x5017AC3361cd1a702F28eb20545a2aF858B491ab,5
0x65c45d138Ffb5D647B80162fa7d94F3c502DEC91,6
0x4453A90787a55851b1C6B7e4250B76f4B5439dD1,1
0x7f324B6EAc80a6AEe4860b14B7A46bdeEB8998B1,2
0x1EC83F24F016E6b455002f15e5a6933e9F199fcD,1
0xF4BD191F6507eb5582116C96f30Cdb4F520eFd19,2
0x9bE62Ac49aB8a3eb6D4969e4b107Be65E2F544F9,1
0x200863d62eF91085898CF412F190f12bED5B601C,42
0xaE156F3c0d099181908Ff8ca16596E189303e11b,1
0xD87E4695D674635795966Bd72A545cA54d253140,1
0x2dd962a516315D394D708ccB9dBf651Bd21a3cf0,11
0xB2E52068001E5e90e720aBb4B6c608c2d8E380f5,1
0xe3C862213b5a46dd3E6b74725780258a6845aD60,2
0xD9dB98522Bc772415c3B6E110C36dd02BA258bAB,15
0x614A88BDaC70ddB63c36Cde8918B9Cb3755Fc021,2
0xf225b5D5B96d5aC7fE2946DD90038DDb74Da66B0,16
0x7c6CC4fc9f054F851aa9aE3577087f00e017db5A,67
0x520583D16D9edb1E185145FEa3f4722518Ff72c7,1
0xEe3106d27E6e9c5B329e4d39213eFf3D5698080E,44
0x7099ee4D664F1cefE1F7C30b203A724fEbD58426,6
0xD8640bb5bdDc66be318CD46668502A37F829e495,109
0x5F20fb41D79d6Dcb9397C6602d0323e13Bd9Ee43,1
0x297Ad912BE7148F37Df4459C652Cb9BC112c13F2,2
0x70ebb8bcFD3dFF03cE613074b666283d91d2b948,1
0xCAA713508eD800c75808ad51f035881Fb422a9E1,1
0xC03112a43Db2Ca1221973fE99176F4c3AA79cb5B,2
0xf69D42fd8B995BD1cC1EC57D9b966cDDd6096393,2
0x3BE9345cE77F43AE9CfcE943f80df7bc9476b03E,6
0xB7DF84951985c2e925a1f01a54BBd57eb1904e0f,7
0xbee157c1a64c115D8361AaB2542F83d204260A97,1
0x1402dE507719544277BE20043b6c6717F38d362e,6
0xd5F24D0b4Ae774303B5440aD22f64C2DdB8a5750,10
0xaf2AcEA6EC6B5411A66ebBc3A2526516048DFC35,32
0x52f5F224c515b3a3B7b9af8862c4b1D44c1003Dd,6
0xde65Efd2D2DDadFD24493713383d2B8664FDa195,3
0x642452Bd55591CD954B2987c70e7f2ccC71dE313,15
0xA5b02095Aec69ef5B9308e1eecaBb81c55CA0686,7
0x56e42e67f1986dcDC8A8c7c3B354efEf57a876EF,2
0xD8FcFCDC37aC8F381c46f491732Be4b31dc5d0e3,1
0x7aA474Dc7c5a04230fB1b0037b42BcdbF9894401,20
0x1D1569E8ECb88C0cb35F8920649f1aa66173A8Bc,5
0x171E659ABa00c78e0e08c2C5E9c6B58c81199f16,1
0xcd1E27461aF28E23bd3e84eD87e2C9a281bF0d9F,38
0xC66914f3FcB9f1221D1E77a82FC00e9d6453C4f3,5
0x1c46564c7476f3F846abcf73e0a885E445ca85e8,3
0x7A220ce61bF20958aC7ffde4A452D2C52887E00C,8
0x7c597D2d92414e6Bc9D4bDb6C1dd5BC54875c01B,2
0x455D5295cAD12eB2C35C87ADCe721cB641B5d47C,12
0xD673b52E4c560f5d2BD41fd92e7566Ef445DC5AB,8
0x468dE9a987bA5Aab0823a0B6f54189FdAE83a819,7
0x3c1CfA83f77dAdc9B813Df020D92FEe0CAfE93dF,4
0x6A41f4c9fB972b867b87B8e4e00471084eb64EE5,4
0x0597Ec8f1dd27C60dbf98a23dbd1fa2059ABD3b0,5
0xe37501ECa5D23B5817E0156590767b6f9B4C84BD,5
0xBa72BcdFAc99893523eB0D0babE5bE14A733A09e,6
0x6Eb441d00e50c06D220832C48F6798cf8693aC44,5
0xc704389A3f999F325d568Df1Ab676d4B750F7C37,1
0xdC7b98Ce8De56fF665Fb61235e62B41584c19fCC,8
0x5058aeD265E520a681784B40cE16aaD313287587,1
0x245f7Bdf5135a5002077C52FCeD96B4694A8aCC9,3
0x5866D07A1b9ac4fb62c732e27528206C4Ab78847,19
0x36770e4DF122d27B3a28D64aefEAC8712Bb6bb36,3
0x1aa7954cE7AB643BEbf976f14b0bA327D8376AeC,7
0xe342180618500E67bE85936c738315bF77F0E989,1
0xe69AAaB4C32313191788d12753F016880690Ca3b,2
0x2758C7A48AeC321Dd9EC1c713A69E8B5E8961f1A,7
0x4E7d27f98BD324ac18B09f6A87352735225D5030,6
0xCCb500F042A25EA50d4076CEE6f0d6C7fCd488d3,1
0xaEfC44192Be6097711e9bb074D26844f7E188262,1
0x0A2A599E7e47f75a41fbeB69d9e60778e9d8A009,2
0x5F3540fc6C016Ec57636dAAD73470E9C109Ac708,9
0x0715C3329e38790C853F6fFD824f2771a02D37bf,2
0x3e8d1694270B2F3aAb6CFc4CC3874e6B8960F073,9
0x6DD7A2948b38bDe6Bd4503F8EF1eD71c700ADb78,6
0x0a8209495C28Ea01737D87AFD88c9d9f9Bd8bb93,2
0x66dE882950E2e23d3505255eb629b47A325af9cE,4
0x7453019b806919563EaC33870Fe5f8e5154fdF38,21
0xc2e8a5abaE3e45262147B7A402a68B7E2930c543,1
0x439E9446a4cd19201F5ab3FE078a65aDf2e2B1aa,14
0x6F81904ddBa81a4b9499555eC191F3346a3435bB,1
0xa8dFCd1364e513EC841CD6C0df8bedEC2932368F,2
0x000000000A38444e0a6E37d3b630d7e855a7cb13,6
0xDc27d430d3C948A41FdF06F9f17D616759fC2e07,1
0x02Be92545d73e309B324fb67Db5427c60465D923,9
0x1730cfB423BC26ce760072b5998F007f2905bf9d,6
0x9E7943cEAc1f02B00E5f9d6E182F257efaA4653e,11
0x0ef0c5f78f9b29d6E2D0424CEc952E11C768447c,1
0x19A2F60E2667B82991D0945eC2400407ccb6BB95,4
0xb5DDAD9aeee21BF901eDE739ac1f0c6e01ed9026,8
0x1D22717220E811E8ff59B776F329a06a29e257e5,1
0x67776C4aD33d195394BDe29F5220384f6Eb9e512,2
0x2B459B90b4920f87cCB818F933475506CB4aA2ba,1
0x0e5fa4710fF976Ad13704A29742aa41885AC06DC,1
0xBb254e926123e705a9919CB5C8d17384F92Ed758,5
0xC2F8de2C509C6d9c8430Af6925481955F47Df022,1
0xf8A5b7A12411F914ce80CB94ce3Feb735747cE9B,1
0x78B005FDe0F5204AD0Df5A1cd58cb054D92B4145,6
0x597BEa912e8734E17DDc4f43A489a1472d9459cF,1
0xd5e4a175071bAFe77E4d8fA49164b5417B8A54E7,2
0xe5bf614d784d8311e1228681a8E9F5A57d473cCD,6
0x83b45B9b9b13B4402b5bC8546F0a5DEb5D69F863,2
0xce836f1aCe8dDab50B7cdcBD1F119429B55c59a4,2
0xB419a51553d2D55BD6B8e892b4CC46AD1DB4e382,6
0xF7f1f47eC265f64CC5f569Ff87dA572a5Ab51Fa6,1
0xa331A2847bc04dC6bd60793c1c76d2324FB5A30B,2
0x71080d16F5737b3DFa067900789FEAaa43C7476A,14
0xA4437139a8e8A34c35D7c0D4BB90516f8EEbB31B,2
0xF056924addD5da427767f8bdcefB4D4cb1b9297D,1
0xdf766A7014F1F5Ff6F5f2e2C77e606528e04a8a6,17
0xb2BDCa6693a0D76827f1E4e274f34D76b92c61ca,2
0x4D0ABFf7Aea667CC7a44A9faBDbb803Eb547A8bE,50
0x7C3e5a6BdC775A80ab3Ed1E7148F6679B058E1E9,6
0x04b6eA5a19b8945eDdC4A141408ec34C2A55a34e,1
0xD64724f4f02E4B5E838b3a7b3193D785A8d7C1f7,11
0x3ee885bAEb9eD5A768cb9CE0846fA7d404009CA4,1
0xFe6452534415Bcb1152db84b3Ee246921a0199AD,13
0x862F01e6b2711677c12fE4cc4F3863FFb2E735Cb,1
0xc5Dfbcf2461c0eDC8d0f98D8b0eD9B9fC8B86Af9,4
0xCe7d9C4dC78A2E123DB782d112ceE5D2AA5d85dd,1
0x9B2b9873fedC418206A1aE80FD11B99407a59e85,1
0xf0206790E426cFCf219bDFBF8BE37049729DabF2,4
0x7B7368C68EaceA5E84EC7D45E2D087b43c358557,1
0x3BD8E0bB7e81c4B4AbcFfdFf0B880D74A3ac9D2E,5
0xDB5F93412670ca64914A764D2b0C12634a7e0322,1
0xdfC0C5C0D6A2913149bEB1E8ccb087FFe747638C,1
0x63eeB58EaD8bCd262b2Ffde287B36A3533bE89F6,4
0x16e7D6B992A493A14a916BeB65a182603684b8e6,1
0x5EFa7F29597987E5533f16cB8E2B76322944ae63,12
0x75963B63D551Fc3723F3Ca40bc43c45201b35f33,2
0xdf974829f6D977370B21e065ae445390cb9D010C,38
0xA524D2c8086F23Ab06A943e3B22539BD5357EC96,1
0x70906c05d42a2716f936f5846D7B92b8d372cc74,18
0x7Fb653f2F5A3ffa425F8e9A9efdFF6778217ae26,7
0xF514E198143Ed375aD99c224059a3BC301766adB,15
0x2e97A15025feB5659c71b821A694b5A912A54deF,1
0x9325564ADe7683706107685Cf1993678B1163261,3
0x109a3ad27F894Bb89a6a98FFd5d4aEf983Aad98e,2
0x78a550E504f059407E3DC43f7B798318B12ded76,6
0xb3Bf7c5d7aaf7F1375bF80a8761945050a4c1Bc3,1
0xA61Ddf306C729deBdaB2C5DA3EB22b7AeaC690Df,1
0x283954702FEbf0d6E6e870f3E04DF21596230786,1
0x4919fA406098fe009172BC71B4570F1DfBe4875F,1
0x45E48C0a6Fe8b759652624451C83387130C58367,8
0xad7f65b83d714E151Cb1B8677C985Ba2c880954E,1
0x5a16D1150909731aC6cFe3764A1b97a9ba3195B3,1
0x1fDbFfD0d8e237E64E68A904c2a6F447a1aD5C90,2
0x6d5f671eb6e3B58421307a9A6b9A8eA17F6377F1,1
0x9B40f6BE22e052F05F6E6EE3863db255Eb7B308d,5
0x8AcF2f327e47FdDD1124a55eb4eFC1DfdAcAA34c,2
0xE2909e43d016A71785e51dE11F37658bFAAF7c0F,1
0x972d521729C0d07b360Ae470f03878fE405F0650,2
0x85EC7e00f664d344651da8B6a818Df0f18986d47,10
0xaA70B305ba15E2eA26c0C01717a4B11D56295C9a,12
0x09f3aD5C718Ee63d5a4905330fA4eEe246757906,1
0x5eA12341d073Ec5a1226b85f0478413A19081535,4
0x91d947DaA437F790BF8Fbe1e81Fd3Eda403796Bf,7
0x2deead549876c7297630f21681A1Fa64E24cAAE4,1
0xE94e955aAF45eB72823577a179f04c46B8ed2098,2
0xddA42f12B8B2ccc6717c053A2b772baD24B08CbD,1
0x352A45cC1AA286C643a9471A04435Dd88A027d88,1
0x31272a526dC87d5A9DEd3CeC62A5B40376233b6b,1
0x60B0FBa5B289800743B35aD8be16CDDEDE2bD67f,6
0xa6a2b356718faf8CcE70E78f06712f1Ce5917D04,1
0x2986b84112D1a0557C98AA1d12C85d2305c8E000,1
0x385bAc1e4992EF98d6C28ffd8AB418d309622606,1
0x2807C205bEDc4361D913EaBD02D30f4A0D64E559,3
0xa72F84A537e9e9713EB552E32390c233eDb1B921,2
0x67c93e334a7920d24176273d7C8dc616bC862aAc,3
0x575A0225dC7482288b93E6072f6537294f18595d,1
0x1708E292F99A4bcAFC99E79df3c47c43501193a3,5
0x74B940d38C2F0912f7Caecf3dE7992d115EaB186,1
0x0B60abE5886Bda278862b4Cc03a80f502246F793,1
0x8af2CC382A57eF846c147669e050a3e5A3804cDF,8
0x3B60E6a4C40615194E6BF2b1F3220fCB910e0516,5
0x30A26c2837e9Ad41Ea5955949F00402DbF86f124,13
0xb5dc5Bf5b0a20F5A89afa5b5BdEd05cCd780A0a1,2
0x223228e5dEa62256Ec37baF796cDb546eFD8bd2A,2
0xdCAd95C9894d80fB30817F59e7619Fd9128f64d1,2
0x41Eb97097C807E04277CAb43c880ced9d4520e2a,1
0x54393e990B8CE14dF3770Dc586e823D427240aF1,16
0x6b7749Ac26173a9b4356E58A69758e5255D7C2c1,1
0x3aD9a7Ba6B737a53C86D3264D6c329154b9B4036,2
0x0e1C46258A646Cb045164606B88aE0Aa965DA67D,7
0x65CfC4e3732bFEF6E740Cd1c3A24C996478730ea,2
0xf8d6c5eF0CB912c26A7AF7A2af6dFA9182dAF99b,3
0xBAcE00749A4096F228B45DDe159dA0102f5c9C04,1
0xA9Cdf0542a1128C5cAca1E81521A09aEc8abe1a7,16
0xfcfA2A68d480Dd9dc4c203E0419E610EdDf28242,19
0x69F80aCB7Bec275f0557bdFEE9a4A0B9576cc17a,1
0x36717aB399a49a6cd110A69a0be18bcA7ec861f5,1
0xb6af0e59E41F75552af00138a9F62ACAef2B6254,1
0xF271698bb09914dd7F54654Ce1810CF4b0dcb123,8
0x4bE139BEdcF27cA61EBe71ce146a3D2AcA835528,1
0x5083c9E0CA1Ed6fD5A004f9ffF4366aBC4D564a6,3
0xDAf6D1853B44Ef096f9DAA5c4EDfE888877Ff650,10
0xCB17C8e39Ec71Ec7d9D0738275Eb0963A9aBC680,2
0x9cbF729843456c2B59a857B21AEb999A0d73197F,2
0x3318b8A2986676De36E1F2D1b9fC498b2DF0bd13,2
0x9a7a03Cf3BC98eB0F2da1318B451E4F2604a65db,7
0x2AFb9A2D083730Fd7E7d2Fc61b51314ea6D97E8D,3
0xB8Bd8f4c420ada4D999F2619503d5aaa139eD7C2,3
0xAb595a18366454608c3be0babD8D96436d60ec8D,4
0xc19Eb01146f12a75af1e33Bc9b076cBf969c604f,4
0x0C412eC600B750e5c2625b631991feFAcA71A537,2
0x08c8D7fEFB3A76e4aD8dB45010a3de021AEa21C4,1
0xFf634F9ED1005198F3Ae614328d2274c97e97B56,8
0x30C100ed888E6a96Ef3eF215aB2a10A05f6C7B5d,2
0xbDfA4f4492dD7b7Cf211209C4791AF8d52BF5c50,7
0x660524B65465466244210a8fa09e7784De35d473,1
0x84bB43e080098639E3228939Cd73480b4717b39B,17
0xac0d880cfc60204F21B9189147D6929Ee268d92d,19
0x60E02332106E680976F75C09f314c4f2B7F560e2,1
0x87D9C2D9990A9f3A18F1377Ff20d9945F9eB3792,7
0x8B40074B576F73a68A9209E787B6Ac9a8705F427,2
0xcBa504f2c4441EDD3E6ab57A65da413fD4CeeB8D,14
0x0f227a839bcc4bB7546b9b959aec91DFf95296EA,1
0xea080dE78b140031ce75F6cd7Dd7E2CAB854e240,10
0xA1788FE8aB496D79163a1A134e250C978a06bc79,36
0xCDEdCee9C46284667997eB4D29f8427b696dA3df,9
0x67D2c5E0c19AfdCBa7E3AAd3D10A07F82C167106,1
0x16Ce1B15ed1278921d7Cae34Bf60a81227CFC295,18
0xa2A501f58Ccd1e05D6666426db4a0d3111d488f1,3
0x15B3392708755a9F7AAC3b33b401d7efA3D52f38,32
0x1Cf945e1Da8Eb5c2f914647781Ca5796622657f7,2
0x0630717c9c6baEAbd2b0852e09dF08FEbAcCd227,7
0xae1fD3D7321B7A15B0B13a9B00E315a3856Cfdef,1
0x6AB8d88e2F5e373e2E2A6CDa861DbC477bECC57E,4
0x1E109d267DA61261cb160cb6387fCCC0463d6176,41
0x880E265A5F7BaBd24281D6e7a2FCf41dDfB5B4B4,23
0x9BCD816E3A046D03256f2c351b6B2336F82533eA,5
0x599f93F297BB772E57e9E4921b1A589A4A762146,10
0xc89424a3a30c5996cccE7A98870CA85798c9b1be,2
0xf248d9df55bb5187C855C5CEC4898bFc8375979f,8
0xaeFD6a3f1f026da33b4ACf26c96f8471C079Aed9,12
0x354321EAa60588c148195ae26De875B82710E2e3,4
0xF3E16a28b09bE3836e66f091613c230128141Fc1,2
0xB54aAc4FC6364CE0fB6a6d2bc5a39E6f3BF026Ff,3
0xFFd5032c66a05bc33CAbce9583427c79b31e776A,6
0x965238d0A7CF3Dc69ef12D4F0ca4617E61EDE849,3
0x9D152d8d65ec27F7b77d27073F86abd7a4A42871,6
0x4a2912bc614AEfba5d613d0ecF61482363a82564,9
0x6D5Aa13AA12006016B825E138271b464370fB4e5,2
0xB0F6E93e5eA934a3B201ede6421a2A349DfC599b,1
0xB2379724281d58A1076DAB5a8C8219745113627A,1
0x184E61D0fa5F05A22867BB3EC416B056DB16490C,2
0x41689f14353D5042F8f4c57eB2dFc3451fF64699,6
0x377114ABb2f7bd64De255f5837c6435935CB987E,5
0x0500658f8ab5AB0A412D23B975030fD35fB81F3b,3
0xdaC2c5D760ff866BC796DDb88dFfEc3D9A90b7e5,74
0x46a0c679a4bfe5598C63B2e4F7bb78C1021D1187,22
0x4B69c929edC7b8b911E4309E1feCB7E9c1ded9ef,11
0xCCf035087E9035e42955AeB366291B4ffc56321B,4
0xD0f082c47EE88f07EBFA90EFaa6Aa3bc276C514A,3
0xF56be3A4164AfB7C71F3B89d8B88be5BB488e482,1
0xD6E2B9696dc45642ebB84Bb789ed68D2354D774d,4
0x53f95f79fc93CfDE0A4942Afda17A814d41Ce33B,1
0x825B99fD750d7c1a4314710764f0afC5d18bADdA,7
0xD3AF49E017Ec09c4B83BA42aA2DEa7ebd637E7aa,105
0xa353cf49fEA9cf63D6290F413b0b88fC0CE0CeDf,1
0x2f23e8b181ad7779A1999F576346175F6D6555Ae,2
0xa79bbB21d4CCE5eFBf9b0179Df547e58E56d1F3b,5
0xab26956f0e94019959e5D546682009b2F931fc4d,22
0xEF34f0fAD2BeC63a7D47d4A2179b3C06Fbe4aBB3,5
0x22873033143D426E98903C8bE423969329DbdB42,1
0x2c87fD92DA54Ab1af3683B5E70E6Dc065F5Df490,10
0x8F0Dc000D3D4cEc7E8233cfEA94c5324126EB5aB,13
0xBB05755eF4eAB7dfD4e0b34Ef63b0bdD05cce20A,17
0x6fb19393BaBd3B32Dfccdf9da0A0B8839160972B,1
0x8594132Dd0219B89914F0C54F247129e698f41bC,10
0x8f86fc54ba7b70FE667D598D119A039a9B3C3195,4
0xeEC815E73AF687BaBA9A7CD213add4b5e05B316e,7
0xf9c991E5E84954561A4625A0DC0D879Fd7fbbebc,6
0x29A031F1f19a04f341BC941fC84c093f22334A9c,125
0xBa703F90b3d792d0D76E980D346475318C2B7189,7
0x70602ad4cC2CfFa5b5cAAFa9bd0a31a81e7e014d,3
0xA43BF99cf3367Cb68eB5215D414E57Fb2B020c87,14
0x54862774AE4D51f3969Cd0DBF84E3779A256CcA6,1
0x564bAAa494aC969059449dae751f62B9bf971b75,1
0x084cAF1bF60E49AeC07ec4148a3F1F0f57fD11eB,136
0xDD678BDA6E7164e792Ddea37FeAEA8bCc2e5087D,1
0x5db24B681b4A75EA20d7613f90Cb0B2BFf8219A9,10
0x8A249d31750D727E6A3a7B534255BADd575Aa26f,17
0x68024d7F576b8c67f68Cc23cd261c7725D37B598,7
0x6dd6E20a0969782468718d5d8f35defD3d2F1DB3,78
0x07D1c73Af44D4326Fb8bE1199290a0B26378191d,3
0x07Cbf3171D5D1724424E72D404Aa01f292B905c3,4
0xbFbBb75DCe129bf09ce9C215F9DbA702a508C51f,1
0x6bad708Dca00fd435dED47a112328DC68A88ba7B,101
0x4e51F68940FaC327B2f018B6b79109031031fe8b,18
0x220d482B44F0A5048CbA7719048BdCBfD91B3c6a,10
0x7e6176F14f58c6088864D6E88d1ab96c04aBE9cD,2
0x6720767D79B9C7e12990b01c7b5f1D5b09B85309,3
0x11aF16c15Ea7108f28B0C553D9e2af1C6379C994,1
0x689773905a0984E9eD727EB8363106adfe4D59e3,12
0x03817d6Ab2a4604c8F1D6B3413DEc27b772024DD,1
0x5B77f7071Eb6d311Ab632e3c24243Dcd04aF0F7A,1
0x178093331aD444E78CDb35577182830103Bf0061,1
0x2600DfAde473D98368fA01A083ef818E292a6e5E,1
0xFf1e98DFA20E8e10F65F3CDE52A62f71882A4f9c,1
0x956F4c522F4B5DCba362c8f594A6B9362c646CB1,1
0xfB4931fCfEf8920D9d50cd75c776650EE76D41C0,62
0x9E46cc3BB7c6c1e691c812B986f465a8dDB12823,12
0xaAE1478eE9f89f07c789E7D2C3647E606Cfb0386,21
0xd6ab5787df3E03A99f9cdbE9112A825D1741580d,1
0x3e8250305F0A5bc968d2150A0b7254246c5bb169,307
0xC6559765F9a9864Cd0337a853183FE838d3DfC81,2
0x66029401dc14079A1b0CDbB77d6403cD2df27562,4
0x90F15E09B8Fb5BC080B968170C638920Db3A3446,188
0x85D22Dc90502EA38d07F2F35745cf71715a0AFe4,20
0xF72A91b6D6A138b76111f3711EC3B8A16cBD1e5c,16
0x702a0ae5DB5c8987A3be63b4Fa65c205fADA7501,5
0x91bb949bE1C1BFe7b417d4857A92f9832FC276be,1
0x89BaF13a5480Ef4D734E46FEDf513866188e8950,1
0x3123Eb51B291e75e094C28836f8F23aBD9D82b90,1
0x4E907C05D2d2E948cBbab4DAca67cD9A7Bea18d8,1
0x60d5424fecac58AefD1A071Ba225F9AD1b5E4F2C,12
0x5836150Ef9D823E815bC692f4B8321F9627c6578,276
0xa1C9d41719c4fFD99463F1CfA579d9b6A96b50c6,3
0x58f2b49c6536548E18877A66E3E296CA1fFA19Af,1
0xf229617126be90b7Ab4AE9fE5967C54ED7111144,2
0xfB631e9cA881bd9cbd717B1D211a420Dc32e3352,1
0xF43fFD75A24B39c51cA2AaDC2dD0C404e8768485,2
0x91B679622318C5EDF84D134371b8bc335De922A4,1
0xa13d49fCbf79EAF6A0a58cBDD3361422DB4eAfF1,2
0x32e211E0F0Cf0a00b6903261e6E70d34727BfE98,1
0x64a744e311dfEc522cAfd52E54E2dA4a008613E4,5
0x97f15b348c64189e1ad9160C4ad05422E842e10D,1
0x0C851F459ca053331D2f44020B83FF8B4f596E0F,2
0x0eF7F2B63757037F00CD69e108885D1E62B5d3F8,1
0x49445612EdE0B56c0acf0CFC7c866F5D33Ab2d75,1
0x7b50F491852b40e3E8ba4b03D7e70B9cf5F0Ac4a,12
0x7798Ba9512B5A684C12e31518923Ea4221A41Fb9,23
0x1BDE23313c081512e10dfac770f23f6C99685122,5
0x2E1145934acB3D346c2774aC4878a198D12223cF,8
0xBebAe7CFC138BE7547ff7c7EEF7DBdb25c64112D,1
0x08dF65a5A9C110c2103C0C3Cb4a05aFfA44CCd9c,1
0xc9e75E27899B3DD34C04E466E8653e79ECD6D23D,7
0x636dF4BD62E1Eb3477c0dBAFc8cD8C5Dd8B3A972,1
0xA2e14A91EA8b7fe00E165d6f9F45D7B9d750b075,2
0x5c131a66E26728A4d62db398cA0A16EbEdB19Fa6,1
0x30ee5518C2CCF23abEA82C0c7f262736f699Ef15,2
0x813a4C862543F1A4128beA82DcAa6FAB29a9130A,1
0x13c300BBB60C1f72C2e6DeD185b0Bc329a9347Ed,1
0xFfe3A794AFeb8e8eD5789399D1eDa68D161008cF,8
0xE167792774202aa62EECe5E445327F35cec45722,2
0xDa2467b48Ae28CD040Ae49Feb7846C856df63a49,20
0xeCc55133f7971100912E3CE252c72E3818D7772D,1
0x5CAc7b9236Dbb25E040442F5C7839CC4346015af,55
0x755e5c41eC506CCf4C819a2ea3F524065674BaE0,50
0xb02F51Ed127419b8d3fab71F72fB7FfB1e416a38,50
0xE2BA6Da0a8AF2418C65CB34b1e98e117b0783AAA,6
0xb66208276563c538cDeB5Cf37c815a14C915AC1f,54
0xc12FfE2735301127089465E5b0639E6B51725eC5,1
0x0dFB49f950cBBcC831a0Bd9A374838850A55c2e0,50
0x7B0ADA9E6Dd678d8E0CE28F6E525DE4a844B8f14,24
0xD2a13231EFE9E114FA039D6eC7A008B6A645C2cA,2
0x83DedbB4d75dF6eA216CcF3Af93A7995f3ae46D1,12
0xC2F6eF6Ca4Ca54517fF15b9f4860F990031e19ee,6
0xFf3Df251D272D8CaEb5DAa2Bc51D686AEB1E0768,5
0x1Fc550e98aD3021e32C47A84019F77a0792c60B7,6
0x0b6e703F9A331ccC7b43095c2f66116657e8BB3C,1
0xF998cA8Ae74E0C235Dac9054504dcbD84d957F58,13
0x7d112a6724DFe4506a3bbfa29DeD117Bf8d332a4,23
0x2874Aa935C118b8E170c35ae0e75E507d1332218,1
0xB39f5C87E06C201a03a8b1bF9641217c31d8DE57,1
0x6AC0a3cd8566160122269b1f585fD77Be0F38F77,25
0xbd65c36C97Be77473926763E813ef697a70cA3AF,7
0x3E7Ad2703e4f2029e617Ad9e52d62a3827A415FE,1
0xc93Ff83D61000B1f013873a9aE9aE79C8489386c,7
0xd4a5D0Aa36ea6891bdb34293347b7141d8107ecE,1
0xC90e2eB292575312953fF2f528c8bA77eaf72530,6
0xCb3386C1B9242035dfCaE644a33D94f58bE097d7,19
0x9ADc2aba9D80d81eec1526B4bB00dA6039167f97,16
0x67691771270F0199BfE54a00F8343d15aFc5b872,8
0x442DdE9e9dB9ca4dE943f63c4Cb28a7530972DA4,1
0x9B082a4Ca71E4f28C1789112F2B6F8c7c20099cf,1
0x7D0989dc42001cc7E41C796074F3CE5c00817ef0,7
0xF2BA12D27272Ba19E6005AEA7153aaf2973C65b9,10
0xaE92bf651Be024F0ac2b481F78842b23403cCE97,1
0xBaf88B32025AEAEFEE010013dA46098382475DdC,2
0xf904398B649a0C0d5AeC82a12b8EF9BF3216e1b7,1
0x8A53A69f5D6b406810C283387fdcf459746eaaAD,3
0xeE70b7f3b597bfbf4715b4aEE42A5d3720826865,5
0x4Fd556e95f3901e11a63F8d49D35a12Db577eD4B,2
0x30e3a645E20E8671c47F6a7981FF8f357D479771,4
0x78fd06A971d8bd1CcF3BA2E16CD2D5EA451933E2,28
0x2f8697dFCd8543e0024A246b895350F449f71C29,2
0x164B4c5F9ca1A1BC0Fe0Fa39A76a12aAb85683e1,1
0xc4735b87dFb6c7cC3651677651E4bF139B27Cc59,3
0xa716c2ef62B60cF82B8119947030ea7E26A39908,28
0xcE7CDd98853ee3Cf0022Af2d2e0A35742FFF6e51,2
0x7080320bED0ca0d46585aA8A81bA66880650B720,17
0xc612Ab4828A660f1E01ba26ccEEC32fC69bE5F26,22
0x9F8DBA1a9dC0F7E1aB07c0ef379C1a234A07Bff6,1
0xD9F2D098E41F798Af81C9707A12B354DDbfc7df0,1
0x2624973B2A275912fBfe051a2B9639B3Ef648ff5,3
0x96058Fd3a91945Ba5AAbfFA8A898169F61d87a4c,5
0x542EfE3411Ea81c7f018Eb3B88E93C95860bB699,8
0x96Afad9B8Fa8BB1659EcA593B024Cf4d1c20Eb9C,3
0x2897DCa2d2C4c168a1666306c9660DB5bC8e0079,4
0x098915E7F9a03d9d452a642f33a650430aE18c79,1
0x3Eb4AE2862a8Fc31bAdcC3A32fEcd2F086215A83,2
0xFb408FA20c6f6DA099a7492107bC3531911896e3,1
0x75055c47994c77bDa75014ca38Fc2fC99Ab2ACC7,1
0x1c28073c81aaf9D701787c81d755B86ece4964fF,1
0x052463c5b558F273B69F5d831603A815aE4eea41,14
0xcdCFDD83D23FAC475962A8Ee6Bd2B09F9c62aB7f,6
0x01D390745036735823382Ee5f5c8bB8A9AF12f25,6
0xe07bbDb8C548d9b943C4B211360655A4439C944B,6
0x95CE61BDCe3BeA82b49eD63aA2c5a989Bb8Fdc1F,7
0x31738C45B90cF9eb44e2D94bf53c3dcA8E67c2e3,9
0x68FCd0c2B6A0AF11a97C4547c7Cb0947c2F63d9a,19
0xBb2d77DD8b4Db3fD8861f58F3605586c219d32c4,7
0x6691fB80b87b89e3Ea3E7C9a4b19FDB2d75c6aaD,6
0xe6820F9cb760733f6A2fe820e596a8cb08DdC383,3
0xf13F7bF69a5E57Ea3367222C65DD3380096d3FBF,258
0xb851ba14CDD62E86C381104Ff433DF2EFbCAd2D0,7
0x768F4c24f0E8F55360EC9A4027857a6151788059,6
0xC779fc833fe9732929660e3BCD86ce7508ec4173,1
0x513AeDacE44cc9a0724CA276a8CeeeE950903576,21
0x8a9e29773B93D64EE6a3D7b72E2d42661972816b,1
0x0693788aA657d71B92C9f3faCe34Dc8929cDa645,3
0x561008F96560BC8Ae09cf176682FFDF692b23713,1
0x8eABaCf3A51608C53253e82e2F51e907972be3CD,3
0xDB6E7D10d97d088d6d1b1018F7C90E2099264C84,5
0x5aDeA93fEB70C6dEC4C1CBB89f1930EB06aFDA1f,12
0x2E792Ddcf489E7648bBc630F4A9a542949B160F1,16
0x9500148707D1DBa34957f63a18bBd8a4bE8cf418,1
0x5c9D89aCC04eD1D8355566D24f36d9d19b0d0527,2
0x7360Fa12026263e2e3b29e88AFbE60481112b553,18
0x6B52DCB6Fe97Dc93Dfe8DF8d4ae9a7c2856CcBa2,6
0x52383BEe34E21FBa66fcC9D09C1af0a2Ad0399Ca,2
0xf94C23EC012d08B58D0A689Ab45e3992DD43af00,19
0x6ac625d107CEeE595a35c464ED4c113cdBF20FEd,2
0xF796be2059AC25fC83859f102CED7643beaa15C6,2
0xe61F250260720613972757c9e6b09bA286f686bb,8
0x3F9d4869D78d34Bb5102A8743D236Dc8BE5703ea,2
0x87470D42336085C026f8820Ec2C045dAc35Fbdbc,1
0xEb809413812F68B33C6d11Ed0B68b8f589ae17fE,3
0x30b3c7fb29207b95F3C3717F1B518a039a04ccb0,5
0xBADCf6B22C342270F5958faC55b6d3ef7a973537,2
0xE40a692883a9D59C32540b3c4F898C317109832c,1
0x573e062b9c61D3608ED4100dc3528E9bf55a74ee,2
0x85dc1c7FF9451E30dAfE9654f8466397566E737c,4
0x2fB2063FBB71AE2d62DBFe794A689bc8f9cf1F08,1
0xa9f078B3b6DD6C04308f19DEF394b6D5a1B8b732,18
0xAF2FEA8278222A8Ab0f98A6386DCbE48B746942D,15
0xE4c947701dA0C0d0f0D1dF985E00881Ce2811c29,1
0x3949204Bcfa44a159eba1DF3dbBA1Fde6eC96049,1
0x83e4f44b93d6F210aDDefC56d2d27ec7a1C1006D,3
0xC9A4ddBc437d2Dd5ea8a69b1d803122818a39A0A,4
0x6ADCF08deaAf5913079707f923279ef4c6D5225e,7
0xc3f71D25b5b15A6BC0d1b233C23e2Ae31334fA6F,1
0x09be9ab0Eb61327D26904baE69eFdc6633D5eEc8,6
0x2A78Ca8394a27d95bcb903692c262Ec26D2310AC,1
0x6f0D7d31f8124621A91c7d27803F60dBF54e42bC,184
0x70f75056b7775125fF3F77e481Fb4f7b19B3E77b,10
0x1049cfFfC2f780EC16D5794b92Ae20e10701b3f6,1
0x7943dA97e36dAa8C8e8Fd909D221c316cC08A32A,1
0x4304dB029dcf336289DD66886f1e6E8c20FE94D7,48
0xDF5a3f431Bd5586d3aaf61776898E21e469Cb09c,7
0x71439197e9dA57Bacd1d260b4c43D2756F7b7b6B,5
0xc1fA63BD4189a9C49A30010B6a3aB11194A95842,64
0x65F4C36AB8f0BBE2f4E1368b91dDAD0bC0eacBAD,6
0xF51fa3Ae04eE22d338EFF19a50508D8975d4C9FF,2
0x7a43dc785CeD8554478b2bA2E491347C0826AdDE,2
0x71c2cF4877c991f5B7047636C8ebc04408a8312d,7
0x0B1A89664970EbEb16d6a1a039017049EEa45a20,50
0x0276310d12C8ea8E50ed425e36E341df1cceAc23,1
0x05e0Ea713Bc99B7FC598dA8f1744CE1f05266c78,1
0xa0fF93B90f8a566418A90a353a0d74fc90419B6E,24
0x6A653A2405048f49155fB29eAE7Fc1Bc49Ee7301,8
0x23A823f4A965eEDe0fA9b9670fb7cd5060A1b73A,1
0x7d0a34a771996d23DD3511993043b2acE9640f02,1
0x1a0a3AD98D64fF96308690C93348a5842E3f40FB,10
0xdce219E778691a91Dd887CB66C2b73520f5D50Db,3
0xED20BC9f8BE737572d7e40237023C7A8FEA3449e,2
0x82cFa55B05412751268913088cd058a84740b985,4
0x7b56efC5039eaC595a175712F34344a7Ee105d1D,2
0x8B80B5C156120Eb605b226D5F07BD70d29417057,14
0x3e0619f4301F6b8F013fc603574bc52484296C2b,2
0x18468EF37051D08355c7A52D4CDbed50A5bFD75E,4
0xC9D15F4E6f1b37CbF0E8068Ff84B5282edEF9707,1
0x3639D92D7c3871CFA44b4f66bA2b8df19991321b,1
0xabFB8F5bacC4312a201bB25E788a7764532B6c23,2
0x537875EF902E5C9749a8Ba4C9Ebf34D9734da1Dc,1
0xdd7a6fa6bA07c8dE397E773d0d213a0A75743acf,1
0x13d20c1D0652Cad07861DAb4dc9b8A44E1347096,1
0x670399897bfe832750e297E9bb8A684Fbaa282DC,1
0x3b312A1496322f0C3633241d85a59AE0889b8150,3
0xD8272e562Fa9a0cbBeA1826f0123605554095841,1
0xE03D3BA9B81A9F71A39d2a1BeFD5587D698B220e,1
0x6C5018d8dE392145C81Cc214E7Bdc6d8bc2FC9eA,12
0x76Da7A87963aC93AAe4391B5c3E0642a5d9E5b0A,1
0xCb4a65Ab1C85Ec917Cc5A4b7f559F616FAfF62c8,1
0x49ed7C5226f61c7E27Ad94e5CdAec00d3fa0B403,48
0xdC615c8B3d2e5811Dfec2C3C820B54a524a1cCc3,1
0x8D52aa454303601078f8006BDd4fbaB99c7DCD8D,1
0x74711eb6d21Db9bD9D0f82eF5DB60253C690d994,5
0xBa750379655F2448D0f7EB3BbCe2aC609fB32EF7,1
0xb56bf8D7c7B701C54df3DC08DFf32638CFd754B1,6
0xa0Eb44b173AF64f2FdB47C7d76FF3A33e04103b6,64
0x2088Beca11F55588dA3A4a215E08480F6495c79E,4
0x2d38bcfE171475d234a6fB855eE08CDd8418C1d3,4
0xd830CE4c1C7656E75768906Bf1E5aa4c9770Bbb7,56
0x6fF2520Fe63eC6DdFe050e119463A336B6777dc9,1
0x7694e745e2cfa6DD55942C7a48415c9BC9bC85c3,9
0x31ee9111f4972CDBE483979434C260E168b12743,2
0x05fC7467Cc1CCfBd429a2b6aeE98b90F4A06Ac58,2
0x2541CAD78e812d0eC5DeA3ceC00ECFA5A3cf027D,1
0x5d6F3d0c92D0564151357B0863E55e9ed4631b8d,1
0xcda5a99cC41ECddE3866B7dC36D5ce5618162eA9,1
0x82143E6437d3d855322187165E91eBd01D99fa34,1
0x6318ae7D0685101A0C67543Faf480a46438eDaC4,2
0x4843eEee9C10822e040d8119691dA909192680dc,3
0x79092A805f1cf9B0F5bE3c5A296De6e51c1DEd34,3
0x357A15f1D5feFF777fB38Ec5424cC2605C091fb8,10
0x11d67Fa925877813B744aBC0917900c2b1D6Eb81,10
0xd5329311ad1024e7EB2e7eD722bC22DA23cdA8ef,3
0x871E527FeB155e5ee0c638fA841Eb457340bdE45,4
0x375591470526e6E337c3d392576d8EdDf6052A08,9
0x34606E4d14bfdA85C5f8314931C833755fb964DF,5
0x2807d50EAd047E2D2ea8e17686388C801f166256,6
0xFC961534a0A55b925dB2c5ee546c8A019c0D78d5,7
0x721B678E5d335AbDa5A8662b4A6055fC161D421F,1
0x8717E37B8507039952Fd12C195A8C3A628CD341a,5
0xC7B2e6c16e0a34f15A2A6d66c8E9a37fc5a397Fc,10
0x8C32a9F88262361b7565F647a63b131AAbC54F2f,1
0x1a4E5A4F2B185eC6c8054c3eFf6824250A0CcfEC,1
0x9b139f8D81c34667764E9DB1D21f5472D9be1D4E,14
0x43bD14dbeb46376832c5220563c94cCE573a83Be,2
0x71039d40ad2123b23FDFfe56453E903a515E5ac5,1
0x2841041Fbe3136097ff5ADBb1Ef414e30DCA06dF,3
0x75F25D98ca196c0509B764c76B0C68240f8709Bd,2
0x0C1e99991dD2f7D374Bff13f9F52284CE6cfDAE5,12
0xf4e7E6B600286fFba8154F5125420A0F78DB835d,2
0xD54d23200E2bf7cB7A7d6792a55DA1377A697799,2
0xFCA014e839412D465B05a8FF13910deFdF1c4308,9
0xe7Cdd6583b674AF8d10b89899b134C41846dA0bf,2
0x55247B3505Cdecaa01f516FdF27741F2820eE387,6
0x344d5A4da2329A885b24aeC4C8937e20Cd67b112,3
0x6369460b015420C61A3A75C3E9595c81D0b94795,42
0xFaF5Cf83230365d10D0Cb585B8678Cdf0c96E160,3
0x16f383b0fa855fAA522ed9CbF4637CB9c3e19d0E,1
0x4690ffa52c9fFcfCF911dD2e4e0ab122b6f9F88d,5
0xF3340f92227d09Cf9477472d430328f3f43F8f1d,1
0x7BFEe91193d9Df2Ac0bFe90191D40F23c773C060,2041
0x2F31ad76b6738209B5CedE039f5F90014C5320cE,3
0x2c1c5C930B2e5e2d058DB5C8ddF92683F319725a,170
0x825372eD3C42520B27769F6F3291f0228ee93F0F,1
0xEB9137dDbc22582aB03DA12e879aab5551a82378,1
0xFc0C7BeaCd53cB9DDC48C00140c0cc4fbc07f61c,5
0x4ccDa3b92Bddb35775cdDbdA72fbb2FF824518D4,5
0x5fb92b742BF451Cf55dbC51781A621bE9Fd225b4,37
0xcAF3F336dF0282CC786f33553798821Ba57272B6,8
0xa9Ef46b6C863b7D81B6F1bcD4CFe9E50275aA197,13
0xbdBf2706d4C4631A2fA3De0FF670a7343c5b7C9D,2
0x593FF47e5cc7a9AdeBF3Eee1eF4A2ba0147bfb00,1
0x92BF13bbD454678C85408C8352D9F4686679A11A,6
0x70bAbDA6bE3a8c531D2a3B1FD2E182E4016b7C13,1
0xDc40dA69bC18872923cB0aD784D5D18d4b65F6FC,1
0xdEDe79c2CdE2586231D533b28D49C895395A6A4e,12
0x2CaFDBBc0031EB38e3652E2443D2f22e66485f5B,13
0xec293b6470Ae9994Bc83D8B9749B499ad02E2A9a,6
0x8cB61D7F3C9f7670f15e158D83A79f500837f9b1,1
0x89E4457B172B3Fb914a3A3144D40Ca9587fb384b,1
0x8DCdb2Db0268Cde7B5c55492ef31E4fA3D187ac8,1
0x0E85f8d2F76B3f10c8d4038E53C8b888D8EBC28e,14
0xD50eC16851B00e48333699D66856207A416819f0,7
0x3be670dA0170396AaeE99fb8FE8D31b8831Fb30c,55
0xB52e2E80f7885155B46Edb9a7E67120f2ECbf901,6
0xB8d1047861979E496EAd3C37DD0370D122b095D2,1
0x4688b6f3C384C3CFFE95c92f599213De4a9fA9cA,2
0xDB8cBCA648B4BABA60dE81697d34d0cDb164664B,1
0xde5e414ee30Edb91b6E7b12773caCB4DffB7Cbd6,6
0xF6d843Ca05762DaAb9d0A7eAc4af70bE0269689c,1
0xe6AE3d496DE8eEe60f0597acf60c232B56CBA741,9
0x1Ba4f5dFe5cf362EFBfd68A5B2c05691F4039cad,1
0x09dD64318580671f4Fc61e97d3887417eD58be6C,1
0xB70F3B5405676C45DaB77501Fe5Bdd07924586A7,1
0xd8a75Fa01e12Afc0223B5b394e0a03d33A9589a5,1
0x312d4049a38FdE910C967bE29D0ca7d37fd62A6d,6
0x0A60856ffa381971657398C17ee90063bCA3a9B6,2
0xf07A2446Acd9Ae08b9BDBd09920C4Ca8b067aB65,1
0x38F8879D6AC75AC15b5d1d6172730C596837C28A,2
0x7b86221B159aAeA742e81330BB05c168674Efed2,2
0x2DC6195443E5c55316360d99B9B7f4AbAC160936,1
0xa465252ED894ce012D07699b115Eaa407dd81D40,2
0x5CC8b193445C0827d19EFc58fA4695F5977dc8A0,1
0xa5254C2Ad5a59e716cbf015B7b910e605ee30804,7
0xe5ff7a1C22449720E69DCc6c802f0Cb6Ab5079a6,1
0xD941f24f15988c22ad04C8F37d9886e23C2344Cf,3
0x481427DB49fc515C4243F13293a7EE6C11BF0A82,1
0x469903ceFA6b5493d44924dB3F2CbAbE8300bC74,41
0xEb7610ebAc9E96195372BcA51947263cE071406E,1
0xbAc17EAdC8C1CB94e59fA54f7E988b09f5ec58fE,1
0x1014A66402Ff5b51d86a527da1dbe96343Bd9D95,5
0x271ffd682382AC9a98A0a1693027DEdBF21aD8E0,1
0xAE9d5811Db28CA0F574320046e75dfaf56084E63,3
0x85903bd8f26693cd57A7531a858fAFB5fcBDcDe4,1
0xc8312f842c20BFC59301cb6fE0e7683A9107FDED,54
0xa44C2DfAf0fB434D3C630808d8D5661B0D1E0D96,52
0x93C4258E0fa4863aD450D3BcDbA945242c4B17b3,50
0xb339b7BdceE5698250CE168b94f46BBa8B356456,30
0xadA2bD6a38D5aA0008221FC8f28EaB5ef36cF7E5,40
0x70a9c497536E98F2DbB7C66911700fe2b2550900,4
0xA396B69C70F6975397C33C824fFce9D52665D139,54
0x06467e6565DbA253163A35cfAb1c7e95A5C9C833,7
0x65672217Cb9Cb9303d8133d88e8B9586c5C39Ea3,4
0x87Bd5A0bADdB682bEe234EBeb771b33636ed5667,35
0xF64CF0E9697d2Ee76D66928f75dB946C45415273,4
0x5094c97B322306C30F262D41b43dBBf6DEF19e72,1
0xaA1382040F43045E9EDcd510222B56c93f34a1EE,5
0xFe4841A4615b8132E6E116A033cA39333c63d121,5
0x101C2cAB64fF7fFA38e1d66a2752b499BB6d6B54,2
0x5a3e4881Fe23C661e8ce5169cBf4261192Da1368,6
0x821d3322368EAF72496951ACDD8339F877325796,1
0x7F12698Edb37F3647ece93B99Db0a0e95282f837,2
0x07232c14cBE4eB27988525a2dfAeaa3a00D0f700,24
0x59529248aFE68F180e66236AB0A63d1a3379013A,12
0x137Ce005C89b777bF14CFe0653373BF633d7F62d,6
0x0d7b38ae4F10859BcFDEC42d46815974A982d6ab,7
0x18CeaDCF3486C4246A760DBB4C445D6d2534715b,7
0xe43f9C3C4911598b765447a9f7A5c9ec075B201e,2
0xb475Fb26667951153B25AbBd3d31BCFf9E086F83,1
0x00961Fa5eDDBEbc48a19a39D9ea6ef42ed62b40C,7
0x1aC5C7A8F41d78849d73f13Ecb8238869246b8C2,4
0xE7F020f9732676B6bE75E3a4E79B34B0f0d4fA50,1
0x921442bC938DBA03C841a20D4955177E65d10090,5
0xb2c66f28EF95c9dcAa147763EbCbEA137266182a,3
0x0e8245827225A007407849A29205080E48a68E28,6
0xE1aFd11aea99eF1eEaCd8c30c9B80998Cee519c2,1
0xA24aF7A1208ca1f537cc5B8ad52730caC0C661C1,6
0x2EC6584CDa27Be3dD8dD9A30BBf281A85a7BE61c,1
0x00409fC839a2Ec2e6d12305423d37Cd011279C09,2
0xf2DC787F600e1180bea8319A9CDb579F4a7D084e,2
0x36680CEaEA6854F1E3Eb609Aff48545D4F6746E7,2
0x910d44C699C24cDdD03cE8e7e8cC40835464FB89,16
0x0098377E5028F52b5Fc038DD1775F859e8cFb564,11
0x6ffbb6C376d0cf590289671D652Ae92213614828,75
0x5fc026Ab7F7C6ac62c62e4382F7FF3d37e2C2a75,1
0x43cd4e9E0016d43B672ef7f69124154f9E51e67e,4
0xf44178B0cB3b2Cd1fCae28B3662a858F899EE380,1
0x0c1a3E4E1C3DA4c89582dfA1AFA87A1853D7f78f,426
0x438110DC27d50682B0dF262721c97047E4b00c7a,1
0x1de0ee7957F6Afcb6e66589bf60C5c7C487121AE,1
0x5111Fa46b34a5a89E76d0DAb7993C0c28292F3a6,3
0x1F13A5dC44911EbD98eA1b55AB5b7b2A99acCA14,31
0x1d5a4017DFcD1EA80eb55a21EA46dB3DD00c62be,8
0xEfB17Bbed1FCb1Eff9de6Fed88894d8CD3b0D423,8
0x5cF6e510E0C123E1e839376F8Ea1900Bb9B9A6C1,4
0x5F390341786Ca439CDF46A3d1536ff4AF1996849,1
0x3387c3ced164f7b9711d6fb322493D19d10EA673,2
0x44854396ad7d210a396A78b2f684997f82bD62F6,2
0xB07d9e13a3fB483c0721F11D9Aaee06E3eC89FB7,2
0xa86565b6857Fb0E3F65eF1BecCf2e493cd589a95,11
0x54fE24e8d70962d410699C06a943bc2C4850c1c9,1
0xCE73e27b02a05acbE49D42D099A72F58C06df057,10
0x8cc26E287eFEa9C55d78663Fb96FC2c1cb7f200b,1
0x58A9E198c995Ab8115C846FbEc2D2D71066b9C51,4
0x38D2dFC2F67Ce4a9dAEfE6C2F2E3882042f5E439,19
0xD93A19Eed1e431bA0a1265B234F5B6D7D51CF748,1
0xa8Bb2b5B871D89628Ac33C797162A995DA7E4e93,6
0x461c1a46114043a542A964A78Ba3a89b76516487,6
0x73cD76F00E36201623d402BC8c7685c3B840bC5f,4
0x93A51Eee2306d98061747626776F8ddF761B496e,1
0x50Dce71F8B816b58CD76f419F8A5ce45F02391Ba,4
0xEf5233a2573cE57054850c79609f48a4F07af1d8,1
0xbfF595e1F1f1738ABCcCB9C55B7a66F8F075b0f6,1
0x640553DA45e9026C44548B591db77ebBdfA7Cabe,5
0xab3454F4198940432F89872023eBbD64495293b0,2
0x3B82B31bBE0DC3fE0f13D17f9a4d0455eF562e06,21
0xB1E35Da83E2AAecf5f24974c8d5A14294eE9D1a5,1
0x80d2248620a22A13Fc6a5c6Da89A88ae31689216,1
0xf3A477dfAB77bA5d7Ae3b37E59e171ae0e7e122c,2
0xb27f0a23412aAea8EC6E803E0908BE89991205C1,4
0x6Fae86071A913D66BbC3B10857581370D653dce9,12
0x24a2ECf87f6E12D9A4f4A848cfC06470CC07d79D,57
0x45B27c2FFA7f7dC027b48F5AEb61453E36AE02C2,2
0xEE4Da1D00C8743844b79DC9fdFF29638BB537eB6,2
0x8865de06E60964C74deAcd501FE9092d2B2c1215,10
0xeFC894fB0bAa2Bb3906106497be1d3B210162E22,30
0x9dd1aaA53230EE858A872E45CC15D83E93969f05,20
0x422A002105e8a5925FC1E93D2281A7Ae989F7265,3
0xb1C13aA0F04eab10e554e5b754d3B61FE5de9C1f,6
0x1d14bA6A48eECfB626907cA9Ddd47dEc9E30e55f,6
0x9DB9a11Bd146e8f39DC61246c357aaa10f2f2170,6
0x811DF97556052472FEc68418E18a4663527be3c2,1
0xFe8427a949048D14BB26778FA1253D79aAdAB6EE,18
0xe1EcF8EF96A4A01E1cB713321564530DC3165A8C,11
0x1fbCce356247f4d59C7e97e346232BAf9ff29762,1
0x30B421ff05Cb60FB7080115d04d008fe563CCDC3,6
0x2349F1Ef1Ac4Cca25707C4bBe5C307cDA49C0614,2
0x9f1D763823416E9012Bb2Bd82ee8EEa9D5c9E0aA,1
0xa9fF75c3771D1a2B4f854765eE440DF87625d8d8,1
0xbfA98480967c7ACDC1bA14af70DA7401AC5ecc16,1
0x220c98F6DAb3aA066c1C47dB20Fe772cE0946FCD,1
0x7bE74966867b552dd2CE1F09E71b1CA92C321Af0,17
0xe64BF764E42A03D54685aCf32379C0f0B7B0a625,7
0x4e941480748583357C2064A8387627ACAB8f89C2,2
0x387DC443D9944f36B74FE3e6ea0eEB4E2a17e1EF,1
0x1277f5266dEad289eB6Ab3f97a866f5854FEb33d,1
0x5FADECCc5a393e681E8552580aE412Be114198Ed,2
0x2c9e70dfEB48aA32B9aD7DA92e79Db921819DFC5,2
0x83c429b92F17e9F0b29919FC92594Bcc618ed725,1
0x6f0c4825420967f78FcF1736129547aC41AF7A89,5
0xEB6b51D158A5fDf67BA74d66DFE44B396E4e227D,1
0x3273dc17FEcb1e8e7E7276bf936364aF9AF88c2d,2
0xEa6C96b3C39595f0b291B4faB8D342619677F536,1
0x71923d23Ee4949553c94cfC6bb924f7af75F491E,3
0xf4dCa05D892e46653c4AD1533cB687DfE54a43F8,1
0x87c27b0859834F837c862Fa40Cc5Ce8B8e65604D,56
0xE509b2eE720259d588030f958cB49e2641b7AD11,1
0xB33d0E6f2E2013094EA75dF3037BabF111E3978d,12
0xc3d79b326a304d77702775a755be55f9B30907bD,2
0xb6A6Ed76433cea102eF73dCfEA7aDEd0ABAC7bD3,1
0x2Aa6099e513c5a041553E15996F95463F883b24c,1
0x39BE81A58616Da881e4f1b2cE384D2A10e52ee42,1
0xef51ea6EE8d3cc1aF5f72216c4fc5C2ABDC89586,1
0x94859452Da7f0776bFa895e6598d76d1340d530F,2
0x321156b178A4B71B04f1E7A9132CDE5c66C2A964,2
0x431227344E21a71DEE8594Be6d3F31E83F9B3864,2
0xF6e2F1995256C1C91809955f7318086fC093Ef98,1
0xb90ecd4Ad9C27A48a234c1C0123305312c71b586,2
0xd44BD5996cE9e6d1f01388878ed02e3CEb49925c,2
0xd6926cA3d54377BC3c051c7BB6A41738e02C19e4,2
0x2912670158E1cF9a9143F350A07FB0B024C3AE3D,7
0x3A39899DC78b7307aCd83f51463C853Fa79E1B09,6
0xC7CCEC521EEd20fCDdff8F95424816ac421c7d87,4
0xb01E03D9054BcA80C1DcA05d4368Fbeefec9a1DD,6
0x9a9220054CD43A6BAE5d7035581f27145C1727D9,5
0x064cB0bB4c8ABE11935134aEE670C032D6833556,1
0x1Db578913A7D9D8db026bae54Ddc9Aea7e5a05cF,6
0x9b4c436F40e7fbae7bAD8B7547A2E8652c71B6c5,5
0xa09ee69e35B787856F68F9c22cb23C5942F43D39,3
0xEF72852eDC711777B4cC5746B18DDfe9f401Fa55,1
0xBb179f078BAC0FF4f181F6e01606cCAe883Ef74D,7
0xe160945feE8A7B426df6682f23787E08c6B27595,1
0x2A09E43F4D93a2611a6c7B87d907AC35e51D59c6,9
0x6d0BBe84eBa47434a0004fc65797B87eF1C913b7,24
0xD5E528505deBf9b577A3ED75495A369559513F3c,2
0x8c5c4294e15aA6499D0454C5274432f559964899,1
0x337d892aDd2395de9AF61d4c97237211dFf2B4b4,2
0x95D8ecf7b8100a9e4Cc684C6046750ee6761a741,2
0xbE5097e96821a343E4c853c089713dE16D7Eaa49,1
0x5ef7231A742a9da3b7151C274099f7A4814A0Df3,14
0xefB1b61DAc569aC6E8A7B860967978976DB4561d,5
0xeE61Af55D4FA4d66A78938611C35F9e49f2227cf,2
0x30ee1f53c0e9489fDeB7047d005684D641bAfb37,1
0x573123ff11Deb1DFEf022717691e7d327e2F9E73,19
0x8c0DA62b2F992eC731cE92Fc30B1B5227D8C14a7,2
0xC9D611489Bd9fbD077B693516A51822986E82cF7,3
0x6C3B56935674c6a3d2DAFF8A85Bc69da7848aD2D,6
0x260dB26a5D85E9e6983257e8Af71A60e95873d6b,1
0x41eD288dbF8493310D2bd57067C226a96610D2F9,4
0xaca70813eE9DDF1CaE7cF6Af5A1E0CC9Ad2acF80,1
0xb3334C3c7d2f7da1585dCa8dD20FF04076e4D943,1
0xb630eC691D5e2A16cb90873E1529d22cA2671b82,12
0x62Dd801975b588c187849ee25112A9d9aB1B08E8,1
0x94b7CbAa3713e39b8e383a950fdd4a2DF9F7737c,98
0x3e502dA5724044019F76D079C9FEC60290F3Cd05,1
0xd712Fb19bf6F3391e264CFCcA10C3428BCF0231b,50
0x55C4c6F4a2829c24c5e455609d38CbeFd404245E,50
0xD9D836EBC67Abeec65b29E586F89816Dab991F69,14
0x7394DD6e970ecce75b1C36631c170D66aa172Fc6,1
0xCe797b56F9637aaf4058C38093949AAfbf48Ef57,2
0xf98f3FAABC33Db5d781BA5A2da687a1332D1781D,2
0xb1d7b83A61a7e8533D9c60a1e4F00dBf5eFA8116,2
0xA74e65f8beE81a717de22cc49d798cAA11fb494a,9
0x4b58EaC61893860b43001A58c0b3F1143cAefCa3,30
0xA7bF2712349bd3DCbc0cEBbF49FdD2449077D744,1
0x67d693dee156Cf89Ee524b961cF19E4c023936e3,3
0x871f96a63833519F0e0D2647E4F317c1FCc178a7,6
0x6A36a1dcEA3522368BCAB154B737cA71d51463A3,6
0xEAE30c982A9fb51E2E29c5a5a1f2c2D1d2F948cF,1
0x0DA41A73B8877f7ab00bbBB1Dae0E4B4f8823794,1
0x9F6Ca0eE0edAb5F05BAEa626dBE7f0d231A60Ec2,2
0x1bBDedE14850A537ae2e0C1e6022436B2F632913,2
0x8F23B1606eB4781dD99C6d7b6c3cEfbfD376b58c,3
0x0e420447B6fDCb21486dF3628D34d6dBd9Fd17C6,1
0xEAf4F2a86f74CF3dEaCaFAa3A9746ebeDE2b3b5E,1
0x96Db2c4193A4a4cBf8C5baf1ac71151463bE7284,1
0xe52Bc596A3C9199C3f32ebCA860A6Be14d47b747,1
0x5f2CBC511eF0a92a473943672a7a97028ABaBC29,7
0xC9909df08b4Fd56aBD998b2C3abFF54Af0C9378b,2
0xF593dB0a3C135F3f9112F1Bf779B8FA7888937Be,1
0xA9a4508FCc3879AF51Ac94C43c0b4E338539e361,1
0x18864F8593800528A6157B5AfF13732f99eD00e3,4
0xf8c75C5E9ec6875c57C0Dbc30b59934B37908c4e,6
0xE79F6a370A64Bb9B8c311d2e60e954eCE0d6c4Ff,3
0x4ac738a21D54e26BB6f81b2784b53c284D5ae748,6
0x3d51CbfEaea061278D2b20b5dA046869F29A20da,1
0xAef646379256BdF18C443B183d549fcD6159E9Ea,1
0x90c378f4D38E68F476d3de6fD43EC5728Bf789d8,1
0x10A590f528Eff3D5de18C90da6e03A4ACDDE3a7D,5
0xb7820062B54f1B9E42EC1AcFdE7e526F1849e609,1
0xbC5B932148cb8Ca1F7d9369832fEe7CEAA0502a7,2
0xf7713f561a78696eCE91f6ea117190595BBa7349,1
0xd5BCd7a3223095b3695a8bF2888028C4A11f2600,1
0xbF10D8AC3876686Ae378DEA436C60FB88E4CD2a4,3
0xb9e96e83b8f00303575F49fe1bF3f4B1C24f88C4,1
0x66c6aD51Ae7F7aE9f887568daA15d5Cda1b28169,1
0x6A5A1080986DE6B6CEd38612A45D0C1d3882b8Fe,1
0xC80c88fd0E5a62fa37962F1b67DB520218Aaed02,1
0x33EE6627cA0BEA3258D5839420ee151345998e88,1
0x68b2dEB1564F60f9c8224848293A39c49dF721E1,1
0xf7fe08b81Cf8121e7d79D2D4D56F8b37537B4B20,1
0xFA6b977b3CAafCDAeCF3b217C81F661b0934e1A1,1
0x6bcB8f76436f69a1CC74663D32b774Fb89c4D663,1
0xbaF0CE3ED7888AB21e028Ca421664f7B6c8a3eb2,1
0x83e03Ee587b0Ef9e8dDb70507b3557486311B3A5,3
0xc044282f35f0aaed53C530ee226698ae9CC0AB51,3
0x9437295080414b0767F58C44ea1Bd0aB2a546cd3,7
0xf5B56e83042B71fe627d3a9bDE51579b90F4c246,1
0x491c7D47C8bc4535ACFF5b38E386BCd89ab6Ce28,37
0x4fe309B25836C1ba2DaAFbC5D2904Be439A88654,1
0x4c2BaD6dED85c73Dec25930c4d88d72a93512Eff,1
0x23a254DE8437cA2c1F3699E93d5A976B259ED07C,1
0x0fb5f4733b07FaA60c21F2574257262f3AE30B3E,1
0xc4D59742bd702E92e746d44B3aA2B7c99A780325,1
0xA069F2204CAB4862c861925AD40b113D158A5E2F,1
0xecbc42958f9C9A541b69b600DcDEcAb33608949c,6
0xE3430455162291315E549792517f656676a279cF,1
0x5E6867BE70015b1D15186F7092E2A2Be713DC8E0,2
0x18150a0bead7BeB99c0EcFa9Ba32546B7aD09682,1
0x9e97BEF0A1B29ae991846c3DE9a1Ad5b1a5d7c0D,2
0x1D03a0C93169C23F77aB29aD6a2c2C2A3086aa9E,1
0xaA7fAc787fcd5480e6519434f71690fe1dC77aeA,1
0x3a79EF171C0E8A32CcB52d3dfcBeB4Cb63802d75,1
0xae9F821839b1567bE5Fad75528e01a02a88c1571,3
0x2eBD4BD339CA724CFD5ED1a49BEf9E0e86408AD4,1
0x431d70F6d111a4F91E139343C055ab0267a0eaff,4
0xb7b6983d463e5C7267E8CE82B2A301e3D2b538cc,58
0x602809252600121Dc4B9C0904148D07E4D5DB26f,1
0xf9ba07A909edc35865C40937fa107e75C50595ba,1
0xBc46029dD4815bcC768267beD38D070d6c3C2ca2,7
0xF611BA4FB8b2f2Cb8E52bf4516AA3e93f9b3E4FF,1
0x18a70A9E50014AB22b3B73aa1651848ED5C86657,1
0x64dF7AF696e0977771a0E1e1B1a8dD22DED3Cf4b,7
0x68CED86cdbFe867112481f4F16E763040f9A15f7,1
0x2D6F25c023B7D6dad98538680C157CD52D8c8Cf1,2
0x7BF732761D8D6791F47F799A29Ce5aE9a39Fc4E3,1
0x5da22a07b93bc598d01Bc8b9E2E9Cb4AEd0d8912,1
0xF366e2e4f24462A1618021E5E31648454D180F8e,1
0x4128E000B84CE2A5AEDab2ccd99f0FFe33e80484,5
0x37116Fd7fF3F99b60336B60e3A7Dc44EC2fC6914,1
0x999a62Fc3605b37d5AdE655CcED380db32c30a98,1
0x4c756055196C22B6280Cbe9dC117FD624f930808,1
0xE807AE50E718efF5651515B9Dfa2bC4eeB2cc36a,1
0x36A6F6f423778A71fbD635081f4eE44Ff15B9D6A,1
0x6Fc3ac6128A82c62EF37fB6e649b102333e9804a,1
0xc57684e4bFD9fd5227Dc1C66BA03CB9592f4e492,1
0xA65aff227d8a247b83CdD9efd5e62B7A0E7E3f42,3
0xA16A23709DFd866c3191a75f6F47d3C28d77AC03,1
0x4dB16ed6D45dedBedd6da9F9e6c61B483F04Fb38,1
0x795a72371f8199c20CF06DC74309CB19FCe220A8,1
0x65054db37C2F91D1deCE0383a8774FfD7CA50684,1
0xA0F3B1821362787BA20b0aad47b4e30c28A7Eefd,5
0x1390136B4d5A431D1c6499644cF18037df2f5148,1
0x750D429D8f379abc509528cBFF2321f905cbAFf2,2
0xE2862AE22eaB54D8dE68dd14f8A2304a919cc076,1
0x33148A22703c694F6DBD1Bb1E1D66fdC3b5E35A4,6
0xCdb06bE4a7f9Fc8a9f289d42956776f2696eBA31,1
0x23E9C48514BA5261181dA1450BA38D2e334c1212,1
0xf4cB038e6570Fc65Becf36Abd49f638DC1210f21,1
0x5f1b1922A4C322144644a9732e89cd32CdCe9073,22
0xA8A74b381aB5cA14d1e10bf6Db1FE669123CEcc7,7
0x26B3A3f6b180B15ddC85516609E792F17721Ee51,1
0x53B10b1b56B2fc605086a0e002BBDE362CB7EEDd,1
0x07efb2359fc410FD4988ED04D35598a43A045748,9
0xC941e1D1f01DCC05614e38DB2cE2C9F34caba064,1
0x82dce97c2EA6176CbA1519a62c4D8189f4661887,6
0x36dE213095141B321641B57A64d6Ff1D423b0BF4,1
0x647a870632b75a92c09877AC262c91566eBA2165,1
0xa4A5219B6cd857C05FaD946359A25f0c7d603fA2,1
0x43310A42Ec0ea39eCc00A87B4B51012017Ce8290,1
0x25D65F5C84d24932e785B301C826E9C45ac9BC67,3
0xc323Bb8eB05a26D11B478EA0906F686F0EA6Ca1b,5
0x934217155273f37170737684f325C796C58f1De3,29
0xdC42aceE7d79d4af14f5F42B26A012E6094B75EE,1
0xD3eD3B92adBdbE3b89E81FD043A85421c7d474Df,40
0x3AA66d4597F98130C7A319024591762d772FdB33,8
0x7e15bfafbBb635B81Ac9C5ff0f00159BA286CB02,1
0x5E190617C7cfB30C3C87dd55920e117280D3F8E6,3
0x6396a2ACe5978c4fc9BA7AC3D2d3efb6B3055461,7
0xb44B8F1f521D4B0F6643481EEbd43e4583232C76,3
0x753aC33e53a1C56C68668487E45B09488fD0fb26,7
0x2ac3B878a6eC3174AfADc3b9c777CD73C86625d8,1
0x1e5d13496de4A81225454aFc9d0fa06F6BD97421,7
0x783E40587348129682184a833bB64D0385688f87,1
0x26e2e8a24E867E5e96eA0c4913e659cDC8A97973,2
0x1D57d74B37e223Bd30A6C3d7594f19082Cb8fefb,1
0x3a25473a5098F8B5cE1Bd383416801bFf28575B9,1
0xCEc568F4806E95289a92b0f5C1377543FBea4bcF,1
0xEFBCEDfA250013f7F7C0D05080cdD93bf9Aff2f5,1
0x71381763Dca433Eb2E3221F3aFdf09D9aeb3342b,1
0xBcBa1544fB32b52a6E4BA6D9b398DAE02e04a631,1
0x4e5f11DEA680028db50FE6432e1C38545C53669E,1
0xC4E3192838cC36E0F61b57AF81Af07a5a3d8a79e,1
0xF318F528CC571c79fbAc04D846918c697ca63E1F,1
0x0c90D90f0d38c21ecB15d5Bd32B030977eeB2e31,1
0xcdEfFded2BB0ba3a7F84D98233f62fcd50c10f30,1
0xBD3fd302d8b935C240185e813c4EDDCd091629d8,1
0xc1674056BB58F18B07C5F07bE0bD76C77ffC40C3,42
0x341ff9fDA5514AAC814e861dC08dE69B4c7200aa,1
0xC950A5B78898919660745436229d7a7e70Fa2a6a,1
0x54B1b6c7Cc0Ad01957fd5971Ed79911b14a44501,6
0x554F18e34be1400dd9BF490A97809aeFdD42E42d,1
0x49599C1DB63179c5ba45bc9aB22b392Af3144Fb1,1
0xc4473B87A3916d7adbA9F3d54Cb17Eef01A6e6B1,1
0xeE7f42b88Dcb0ee5e7E15CFb5c7CcB7A2Ed0B55c,1
0xBA36293ffDAf9b61eFc54E00F7A1597169A1cC96,1
0x4B74b1f52781686e8Df4AF4E25D391732060C527,10
0x78D3961a88b2366d9dBb51b61042EA44B880008a,1
0x9FaF8162B40BB0A8517146EcBD6B7fe1b1Ab92e1,35
0x41f0AE7750DB8280439473a81dDB6f3aa4A15112,1
0x88dcaD01503edbCD0795D332F9C3744304a71a15,4
0xECEf1AF16A1Da799fD332986aA25448b393b41E6,1
0x92A48522A1d297bCA797293E0f76DB609901abC5,1
0x96FD61202A698ee3EAC21e247A6b209ea5ffEb91,1
0xb4F1776B6AEa1787bE983Af59F863818baf5bDF2,5
0x45A5F6C9372ef4644f5C45DAb0b1A7619F4cF981,1
0x9857b416A7e84dEe915444e03F389203E9eC3c5B,1
0x0262408c46374f9a04CAc192f61277EAdc16103f,1
0x8049703897d127B479A4b85363fcC0dfA3580A95,1
0xD430fd77a2D9BF713a9f9f620b767E04561E37De,1
0x00aB97c782c661fb3D08C96dce06176938101211,30
0x0dd6e782cf43d3664A9699374662C934F6aaf7e7,10
0xeE4a3e973AD8f2a262c89bff27A702Db477EdA5B,4
0x1B96839e5741Fd4Aca1fbA648017F50E98d82135,4
0x427714B7783e81E9cC52872Db533936f840274bD,4
0xf185E8875F3E4A1F5F59A240ca693c74c22934db,1
0x6F92880BF5c195a8bD7EB7B32591bfDA190024e5,1
0xbF2A343D4711eC695cd6A1EaE91a8ec24C47f96f,1
0x03d61B469033671eE1D2335c2BbbE9ba9319F869,1
0xb58617F6aEE3a3A3b76A0fcF10C186cbef54CC3c,7
0x514c8600681cF53121C88418D5355a9d7d305Db2,1
0xBf6788EAbf9321d3bEA6eee2cFf5136fcE675333,1
0x93158B1967A26E9FFC8AfA8D9592d2b2006C43ED,12
0x3b2A6c47c1B3058Ed6029B5e175d8E2Fa21DE3FF,1
0xB2Aadf6BFc0a5213acb9c279394B46F50aEa65a3,4
0x3c698d1E054A921dcf46Bc213CA407E39AE4Db8d,2
0x814B438dE55CC0FB4e0EfDC3fa9E3cBfce87608f,2
0x9E33573aCe01279226ca979ca6a510CD8a515aA2,1
0x49083fA61648335f60890D69206817bA81979eE7,1
0x6F42aE75878a4574F71e549163F1ae10961d31cA,1
0x04c291E8288dcD44cC4cA058d13068117db11781,1
0x0D5d5aab608003D1a8572f1E99C31566bEe9e7eF,3
0x6CFa99B2352163D70bd52de24CdBf553374B9335,2
0xA6bb4e23C5E78C2c57300332DEFfC115D1d9969f,1
0x40809850c91f815b31518F8F7D4D97a1bF3A2CCA,1
0xcd9939763c1fA069a501A60A4bF4c50a358859e5,6
0xC2978441F46a76c60e0cd59E986498b75a40572D,20
0x038f14a321EdB29e1Be307302867BFD3d8216E06,2
0xB89d20fe34E5a198DB42842bC83e784F53ECd929,2
0xaC163a57f238e57d69f160F6c9cc8E821eE08EDF,1
0xDDb9AB1421E6F1d864c01BA63FB05B183d5ea4d4,1
0xBcdbdacB68c6c351e2e4e6F359eeaB75e40E269d,7
0xb806a9d487f821eaB424C61272DA4f9732AE9145,7
0xEe956511A3819339b22314aE18F95bb75c3d7160,1
0xE7d0464315fAa9ffB8F2395f86e5AE02fBc146e6,1
0xCd84c7548b2F2c0367E75ea552f1ebDA12f91086,3
0xE80D2D110A9D2D18f3434692cf5116eCCB08eDb1,1
0x823939dad60662E7D6c15a715Ee65Fc143D343c5,3
0x1F7Da94F8Ffb08Ef04809E588A060224c4137877,3
0x290A828b523b724fff8841d7f8D6426cC53CfCB1,1
0x1b641DD835a092dbaC879d55347559247E13e06C,4
0x06c6C199D8Fb1D5f68dAaC1f1d9Ad9f6cc23dB8a,2
0x205A7F99b821640d0273E21C67710042830c6B21,2
0xD6803a63775e678A346D5c07CF101aa01dd88734,12
0xec0E86CfC63C75CbFdf18110472F4Ac4B6506938,1
0x5CBf3dc9ec8694E29f85505Be9ED39CF07081CB1,41
0x40C2189783D676e39124841727f7ACB458D1827d,46
0x6F96999Dd8AA80686F9A83907b9074CE11a80EaE,7
0x15a8803d4bCbb6A26Fab9341CE6B0f63e7dc9A95,1
0xA8D8dc3c2B8f03fE5c82D360c00E5b1d9AbF0C92,1
0x958Da093944dd2E47F23b4395D66181D3246eccf,1
0xcf97bb94f405162f3F3AD433B709ebbd9B51e42d,1
0x46A20E03f47ec67D2c8E73819C12a6b0c4BbD081,2
0xEDe4f636Bc9ff333b01C26ba8a37D13B82E40214,1
0x493a68D612F2298171DE01B1F4366be2A2f3A049,1
0x1941f39ea6CD0e7E91a7A21FadE8621Fa13B8F34,1
0x0CE03F1DAD5Bb2675aef28BbA3aD6CC9c1bA21E8,1
0x7d803cE0DE00e76221455c87E73DAb0BB8627745,1
0x8e4a821CEB881feb30e0c7a61D789e8D318f2Af2,6
0x992fA1f4459042E59734C4e38BEc152Ff119eCdB,1
0x21A217793E6B33a956d6369B2051572b1bAB6325,50
0x1A8A0ADBD95487AF4549dF90AdAAD48849dB5584,6
0xB9956c998112ac3Ad9719f0aD5EA9614F1144Eae,1
0x6529d551d96D775c60b9E850fC0CAa9c42150E96,5
0xDEB2113cD885dEe830dCb09A602221EB3F48c87D,16
0xfe63aF69c209016d470A73F308e5Ef8F3A4688d1,6
0xC871E14826586D22E4AbDDBF6741C941842FC8bf,4
0x3C7d0889937dbbd80A674BAb7124BE2712Cb6ec0,1
0xc636A5c78860Ca9Dd12457ca7af2f5d6dcb279f4,4
0x29127F0fd566428d0FB1c9FE06e35321bDA93Ee8,2
0xF9B936C0cbF77237CfAd0247667910652E5FDFb8,1
0x735527cd1437f5cFFD2344254f05F014D689be47,6
0x3b85BAC4f6eF46FaFf36be2FD0c12dde575D8cFF,1
0xBE35faDC3804A8576881d9d8144B33fC442D83d0,1
0x51e7827F8D7C9898E5806F72957CfF6B24453d35,1
0x9C283AA6B1E6676b5Ded6C2A6242A80589C59112,1
0x6FA34D260152dF28bD51Cb5b872b71C7e3061E63,1
0x19135cbbF7b5405721572343E9d5dd6B1ba9f495,1
0x5089694172Bec2dC12ed54DA0648B0dA8c9E26B4,6
0x5d7178Fc35D94FA8e8C3391c5460D221A5a58D36,1
0x67B4E5b368ac53580a3b4155512febbe6bA3e7D8,1
0x80ef08ED4D3BB1fB6006E515f4126f223E6Bb219,27
0xA8D5040bf6D02Be09dF157c3D8777DDE21eE9690,13
0x2a8c25E12c2C2Ca1f67497d5c890459bB460fAEb,1
0xEaD6e761C942c114e9Eb67CF155FEc83FB2E3C23,4
0x8Ba709eAf978FeFaC67f16688b9BB56e58D634c0,2
0x04001C5359Ec93B3368aF1C8f0D5510506eCe41b,7
0x5D4d3FaE4d0282FD8A558b5f42Ba700974cBfd1A,6
0x316D31F34F05C60B7Db752cd1800504053D2C66f,5
0x6D7C9F86d84F9535D68968B4464197BB1Af2B9e4,1
0xeB157660c6a1Ec327979dDF3A5Dbe2Cd850cAa65,2
0x39c73c1fEDF4976A3f5205f844E31F65C08044aC,2
0x0f4C9b2aC319d40F7a137fDc76CF63E95D082B97,6
0x1EBe5a5E9b739755b5855f6eE4367EE47127d8c5,1
0xB7C4B80Dcd31a0f50588353051CaEDA5a1D92caa,2
0xc529da19fef41B4d4cDe18622Dfb2fDa6DF50e40,70
0x157948ca8D794C9F8A874c516eDeC858a36245A4,1
0xD27Ea90796F53FbFfeBFC1CA650d0FB2b9A024D2,1
0x516c0757d2f413737A79C3792CA203D2EE3341d4,1
0x9aE452E5bD703f0fe1aFc79776137b38024d4F2e,1
0x6d4F97bC946e75b3E7ECDd88deDaCbe46Cd41870,11
0x43440BA00fEDB917D3A9427447814925ce5c1261,2
0x41f1f1b743AF3Fd05CA0B13b24a0Cf8c4a36Bed6,1
0x433e23480F440Ef14f37c2b134133F3556C09e87,2
0x3BB6E62ACC3f63de0a208320c92B83E557B61c5A,6
0xfEDC6C634D9Da6e977488653778a7B9d5c37d229,1
0xaAc31A772f999Fde1A8d5FeAacA19A93Bfa908Fd,1
0x89f06ec2a992d9C68aF9f231C05840D305405aEC,1
0x8480B955DE8De314d782D177E03493E2190b4Ea0,1
0x496418d83F07870427eFEDb082d397511494026f,1
0xE1a202516e6fed6157Affb69953414AB775920Fa,1
0x750a5987CC789Fbdb815cb4E727DDe22DBBb2479,1
0xf2F5dA9a4Bc63F9aA77aC67f8Ca2700E8218dEB1,3
0x88108710df18B293fcABb4f9FA089DdFc7dE7b15,3
0x377771f550eA8AB9f4d66643709F6DEf8C63181F,2
0x5f063C79B351a5Ba3e6ef46a1d3Be1A0224af1D3,1
0x759F103d103c6a1837B9142986F7655E74b532cc,1
0x161A83f70000FA507c7ae707f6da6a444C486d60,1
0x1A3dc81950Ef91661B2f2A1C48eE261B6cb58a91,1
0x88EEd6653cb255e03FcC3644BeFA52FD08C86A97,12
0x518aD44e077A113f5ed27E79De91426b125B6869,1
0xa6D821693855F34F7FD93A856e18474dF729D44C,1
0x7169EA602861d0B40543A62e36Ce8369E181D6BA,1
0xe85152b8789bE63b27F5F14e55e358AcC09CFA63,7
0x9DE32F9156f3a2601F00408AA5567Fe5c288CAeF,1
0xb09209db8a7E4077d10A8Aea927CcF65242CFd9c,2
0xdcB4d67D6400Df01733A1aaEB4D7d5bF54ffFb32,6
0x8F94557c6752155796C5eF4E3661f3DbC6910B98,5
0x224A7056726F861A6EA4e61a0ea6f225D3F41084,6
0x504953737E498071F09fECfa9Fa5200D90b86be2,2
0x8FA54C4D9909b2C2B70BEC5c33b57c17C8483cB5,1
0xb404Dd805eF19F74A03B3603af299156BC366C39,1
0xF619ed8D01eC1fedD9A0151e039aa4f189BE7f62,1
0x48f05d84F5d9aE560F19da9C0Ef6f84a73AB1BC3,1
0xa98C63a7AfFA5F196d32F1ab6714C50099f20Ccf,1
0x4b104A460B080589EB4F86640F41A3b88149f704,1
0x72A49D3cCbB2AE637264aac7150924d26d730A34,1
0x7876D66A0FA8f50D7baf7eDe5003086EF3c7E6Fd,1
0xb4794C0092C1120F4EAd8F6bAd8C3cf5C587e64E,1
0xE4B133F6C362f1c01Ea9178099a804722bd3Cea0,2
0xb18016F1711cb7B85913f660d46EEA67B419ccde,3
0xF3696269ecF429FC92c3a5B2cab0aad700bA32E7,1
0xac8418a31e1Cfa894C0d6A6A75C23Fad48A7cB36,1
0x43385503F4607fff87D04a49AAE8F9EEA708a5b7,1
0x73d224374305af1a462f5a7A3C6536fa2E706C64,7
0x640458f64a7327c1A907574D3A0081d9D35EC39E,1
0xdf5B9Bb619Ac16c77354610E83ea6F3DcE35Cdc3,1
0x83E1F4C6d94FEF4826F7CbC05FbD929194C4691d,1
0x9736961c79a411016B9f6A0dF3A26777B6361AC5,1
0xF9FF4cF31Bf2617362B9DD30C594348DF7C3D91A,7
0x157B45E3d1B1db77280cD47ade47035b60b53cab,3
0xBF1A8A9D338FB531e3fa67BD3970115864644478,4
0x1C87559A1e9812D5688f6992a1a66Fa48cc3d8D3,5
0x758fE911C1453E80C901E6d0c009291a22651146,9
0xCb286622D343c459770d2F3E4E21c63a73a69FC4,2
0x794132174696fF27F43B7E99273e9DE8F734dE1d,9
0x244C7562BBb76566Dc81FD16b62C2bBC295f3737,9
0x46426906E63CC03E27e576E2Ccc56b41470cf737,1
0x876f26606FA3699AdCAf7a2826B57e6958ef623a,1
0xedAD84802f46951b0d32AE3E00B18445FD0dbfE5,6
0x415e4cfc3CB720903D6159357E52178aDdc125Af,12
0x0240807C41f212D2C94647172F6b526B5B0a0449,1
0x00686721edA367a3399C7bD06aE04104A4f6ca76,1
0x376CB57cd1243e488213BFd43127ACBB8C2A451e,1
0xDf55112e23d26BF996e898eA7498aF23BAFdd0A3,1
0x484C85Be1CDB3263448C9a2080f8eDeF07a93A8B,9
0x42Db18D76F0Cde2a2c6115017F177fFfaE4D5409,70
0x8D146198Fdeb2Ff60BaD6c3CB4FbfD937FDC4437,2
0xb91Ea1e0d100Df3FBF48C406238C720f0db38Bb8,21
0xe4ec13946CE37ae7b3EA6AAC315B486DAD7766F2,1
0xB708fB379e7c6824538a10aACb0B0c9E2037f52c,15
0x8F57948779195cc2EacaA0633efE093085131ee9,1
0x8cAE3127b9b79989C19EFc8d902681A3f8f2ed28,6
0x9277FFfdB20813aaB1d240bDaB186E3EFddF3884,6
0x288A4e70Eba5d4f92e28F8CCc561E9fC947304A1,2
0xffaEeF55EB6fF22Ce6A881eea74A7Aa826783244,2
0x6Cd68E8f04490Cd1A5A21cc97CC8BC15b47Dc9eb,7
0xb2cC4dCa429936Bc6ed3de7478f858e4d4Eab44E,1
0x6b19b39c6c4B6C455e740d7191C0C6F240FD3ECc,1
0x67097609fAef3F72D22477f1c9DE7919d4f6178a,1
0xE654229b9dc0dA7838fbd7F34f377faF36CB2678,1
0xBDeD327A145B4703300E10204E6d180e1a15C844,13
0x49B144d329B096D2772533f936B5Fda6dDF8Dbdb,5
0x54E4e2f96dE9591D67Fe3bBA440b540CecF21Ba1,7
0x45CB16dfe84B785D9d11596337EAF871B899aB02,14
0x8E70E8E2ddd5404b12fdA47c49ca4b9b5E4aF04e,5
0x4857Ad420A2b2641a53886F7745CDd365f7AC32E,2
0x47Ae85cA4B0682B379cBeBB61294E609417751fE,1
0x087A68EDC2AbeD23965f11501D0fa6Ecd1a0d363,8
0xEA5f2001A1c7144c628aD5e7C509884C40F4B60f,1
0xEb68CA5C712C8e812343f0d3b765A0E27e957F0F,1
0xbcadEA8b602c0848b07F2a185177DaB8F3Df585a,7
0x8b718aC97E10F8c85B8bb7366b5ef1fdf25B014e,1
0xcaFAb9c5b4e94e4a62096A6feE136f9FB7831038,1
0x2b0697274630884EBD88d1588B8350ce5FF4f3f5,1
0x8fBbfc0e58640f2a1C64fc8648D6567cEeD4FbCb,1
0x018511fB3754017B4BefC357C35eE51481C711F7,1
0x532619461e505f0366981900F6B8131f0541395A,1
0x7EB2d8d4df42fD63c240745a75652f092f9c0edE,1
0x206A719f0175bB68AAbdEfB3758d7df32d802415,6
0x89195e6752eDdf0B5f7Dd85F107d9e92c30206de,1
0x541E0D79898B6b035D3Df4992ADFCEC46FECaA09,1
0xD57944377d461EFCA8E90745a8DD79eB87853bC8,1
0x10CF1C0A045af52d6889e9cBBb99c39CF6eCE4E3,1
0x70310a4Db8c4a17A8E342690293c96d177A36999,1
0xA51608c95E0C4E7490A0F0919373255f51ff16B5,1
0xA62C5b16b2845FaAa2b17f69e8CAAbBCDc4D8F14,1
0xabea530e853f8C29537DB127DAce5F14806B2eF3,1
0x852f6f529A13D361835898ad28937C6976f450c8,1
0x2b40CDd52c78866C42FB9E4e434906E0731614Ef,1
0x8cDFB8a64B467dcd5DA36303872b094d0C2fE8E3,1
0xe9D861A08baaE78B7014F476cc49b03b2160426b,1
0x9Fa816a378cB1d01fa1A86583A582D45EFC9A735,1
0x443ec15dE3F701bA01cD2360FDD8e778b388737c,1
0xf9ccab12Bd57ad2af22B988208ad375545C67CCA,1
0x7633a8d91112A87E4F93A32A70928bcC1568dDb7,2
0xd36992bC82546eB55C46Cf360A3d2430b21C4aB7,1
0x270F635C7146c61c7dFaAdd1Fb97be1e864B8c65,1
0xB924a76DE9ef3e9F807AC2547ea791bdFc5B20B8,1
0x2c3d636f7ADC34DCba3D787727A6b2225f43c3a5,1
0x6e19245080329b6D79025F8E721510c6d427B83f,2
0x88BB8b2b32201fa3Ba9fCFBb757Ac029F9989610,1
0x13Bf4152e8B499b15F272fd61Eb4dAbe88072d9f,7
0x393aC91E5e98793f1E5AbAD59279e0ACABA902D0,2
0x4dCbC52b633CFcF75502458872924614370f771A,2
0x769eE74f08F5Ec9880804Dd6E00dbd225DabD4e4,1
0xd06D51D73d375bdFd47a3edEC155Dd31Cd4C54fc,4
0xe83105d4E5b144E388d7D35c65c44E0da8c8016f,2
0x5F6bdca4F573FF1713D8A7726f8e3f0539c099FA,1
0xfb4b0015ccB490f631087a4867405B76EBFce79A,6
0xD2d6225bc801C686B57775A82a284915779b626D,1
0xf4fD6f0F6C2A74641201c91fF642D6Bad27Ea0E6,9
0x34822Fe92dB2DB911F86a98C1299b29787b4D0f4,2
0x507551Ae8F089D459322f4c7E67d1567B4FC9e12,2
0x6F09A0c466aD4cfD4E2a0F7aE40e669A8D55b3Dd,2
0x30CC98890f35558138cE60Ff9ce9e60f16ad541C,7
0xBcaf219BA7C5299892b074D69398564dfdfE79f3,7
0x601f8102871e0fe78fDc2b05Cb5F2804789C4435,4
0x36a178C9E7d297fD3Bb6Ab1d02F67f7220d18cab,1
0x6b4E1E4a430c0f32a807B60E113040C1D6c930E3,10
0xcC05A0ce8C351b92a5A1A0CE7Ce7D560bd3B0f93,6
0xB576817D89Ea16c28C47E0E4C7a86809223fa1b8,1
0x51B43AfB017a7E721d3fbFa6d4b582595cBd9aBd,3
0x4B4DF3B4c0A893C7BeefE72e1b8DAe7654ae6f47,7
0x8a2a0C2804aa1fc95F24CA67Eca46b7489e1af35,1
0x3B25846C80f06F207C64A7aaA355DC463F4100CA,7
0x2aa85a041e7AF248aE2e9aeE7f5b32DAAbe13337,1
0xF0b1dad0027B4aE38bAaeB2878a64f9fd8a378e4,1
0xacd1Eb64b54a79c929AEb4d79762968442D1e516,1
0x79e36fa1C8ac765c0C08fa7FEa0f04892d237404,1
0x8a31567D0BC88Ee80eb12A682C0B33f09692C272,1
0xC98Ecd7b8527b097b609E5B04c4c391C2e9B5aAE,1
0xA3494F92EFaB6829867DaC85745D3c57F8F7F457,1
0xb7D0Ca2Da196352FfFa5e02258110a7463169c3A,1
0x27090a1bFFFAaF8Dfd01b82c898cAf57B75aE581,1
0xa059924c9EB2EA5899586d47eF507deF5639aA83,7
0xf738C39cFeecA57d58b40C0806a5e1c33A3810fd,1
0x8371B592013409924C8E9b248bBD6C91BdeF8e82,1
0xd953322D41ADFB5CAE3D6258DCa22dBce6C21032,1
0x9b40b904a59298838Ec0114d6D22fb79C367B281,1
0x998B284AF974DF8a7A9AA395DeA78E61A36646AA,41
0x3796bF467561B61a21e0B523894E44B8Ae5c6516,3
0x1bC3e2c44E0b2dabB1b06A1890273571825d3e03,72
0x2B9dB8033E82557398794dD1B8d31025FBfd6ED9,3
0xBad81821aA1D4d3B75BF615159e91564028c80ee,2
0x36f3B52B0930bD543190A80e5b5A2df6d31c0B36,1
0x9FD3D1Ab21e53aDa301f93f02d555b2B0A101B01,1
0xd39ba36F34D250D2767cA839Fb29Ab6238f421AC,1
0xC429f3C5999a2ff07154bBd28F79AB2E48212b18,1
0xC2bc9a2a5CaffD839610e3765Fe227c2C79E5100,4
